City_ID,City,Country,Date,Lat,Lng,Max Temp,Humidity,Cloudiness,Wind Speed
0,Ushuaia,AR,2021-08-07 22:32:20,-54.8,-68.3,29.86,93,90,35.68
1,Sambava,MG,2021-08-07 22:32:21,-14.2667,50.1667,68.27,88,59,8.23
2,Punta Arenas,CL,2021-08-07 22:32:21,-53.15,-70.9167,35.71,80,0,26.46
3,Severo-Kurilsk,RU,2021-08-07 22:32:21,50.6789,156.125,56.03,70,68,8.01
4,Mataura,NZ,2021-08-07 22:31:25,-46.1927,168.8643,37.47,94,100,0.96
5,Chuy,UY,2021-08-07 22:32:22,-33.6971,-53.4616,62.2,86,7,6.44
6,Ilulissat,GL,2021-08-07 22:32:22,69.2167,-51.1,46.42,57,20,3.44
7,Upernavik,GL,2021-08-07 22:32:23,72.7868,-56.1549,40.68,95,100,9.95
8,Puerto Ayora,EC,2021-08-07 22:31:35,-0.7393,-90.3518,76.96,83,68,8.99
9,Abalak,RU,2021-08-07 22:32:23,58.1286,68.5944,55.47,99,100,2.84
10,Yulara,AU,2021-08-07 22:32:23,-25.2406,130.9889,37.24,65,0,5.75
11,Torbay,CA,2021-08-07 22:32:24,47.6666,-52.7314,70.68,84,75,17.27
12,Amarpur,IN,2021-08-07 22:32:24,25.0333,86.9,81.86,86,100,8.21
13,Sitka,US,2021-08-07 22:31:08,57.0531,-135.33,62.49,82,90,10.36
14,Busselton,AU,2021-08-07 22:32:24,-33.65,115.3333,57.09,91,96,1.68
15,Dikson,RU,2021-08-07 22:32:25,73.5069,80.5464,47.79,75,9,10.36
16,Tigre,AR,2021-08-07 22:32:25,-34.426,-58.5796,71.31,71,0,4.61
17,Fairbanks,US,2021-08-07 22:30:46,64.8378,-147.7164,58.6,90,75,4.61
18,Mangan,IN,2021-08-07 22:32:26,27.5167,88.5333,76.42,91,98,2.66
19,Chokurdakh,RU,2021-08-07 22:32:26,70.6333,147.9167,61.3,39,30,8.41
20,Bluff,NZ,2021-08-07 22:32:26,-46.6,168.3333,37.8,79,100,0.67
21,Comodoro Rivadavia,AR,2021-08-07 22:32:27,-45.8667,-67.5,51.66,25,0,20.71
22,San Cristobal,VE,2021-08-07 22:32:27,7.7669,-72.225,82.58,84,80,3.38
23,Bethel,US,2021-08-07 22:29:19,41.3712,-73.414,81.81,72,100,6.58
24,Hermanus,ZA,2021-08-07 22:32:28,-34.4187,19.2345,50.81,73,94,4.27
25,Ustye,RU,2021-08-07 22:32:28,59.6304,39.736,59.31,97,100,11.41
26,Jamestown,US,2021-08-07 22:30:19,42.097,-79.2353,78.39,69,1,3.44
27,Lebu,CL,2021-08-07 22:32:28,-37.6167,-73.65,48.33,76,32,21.5
28,Omboue,GA,2021-08-07 22:32:29,-1.5746,9.2618,74.28,84,100,9.01
29,Nanortalik,GL,2021-08-07 22:32:29,60.1432,-45.2371,46.62,91,100,13.65
30,Canico,PT,2021-08-07 22:32:30,32.6333,-16.85,74.01,87,75,9.22
31,Vazante,BR,2021-08-07 22:32:30,-17.9869,-46.9078,69.58,50,100,3.87
32,Rikitea,PF,2021-08-07 22:27:31,-23.1203,-134.9692,74.07,79,12,13.73
33,Saint-Philippe,RE,2021-08-07 22:31:27,-21.3585,55.7679,69.35,80,39,12.26
34,Provideniya,RU,2021-08-07 22:32:30,64.3833,-173.3,45.1,80,100,6.55
35,Cockburn Town,TC,2021-08-07 22:32:31,21.4612,-71.1419,85.96,66,40,11.5
36,Atuona,PF,2021-08-07 22:32:31,-9.8,-139.0333,77.09,81,62,13.51
37,Boyolangu,ID,2021-08-07 22:32:32,-8.1181,111.8935,74.01,96,61,0.43
38,Tuktoyaktuk,CA,2021-08-07 22:32:32,69.4541,-133.0374,44.6,81,90,16.11
39,Albany,US,2021-08-07 22:29:19,42.6001,-73.9662,82.15,80,99,2.17
40,Tazovskiy,RU,2021-08-07 22:32:20,67.4667,78.7,56.14,82,9,5.01
41,Kodiak,US,2021-08-07 22:32:32,57.79,-152.4072,54.91,82,90,11.5
42,Yuancheng,CN,2021-08-07 22:32:33,36.652,107.7896,70.45,44,95,2.04
43,Pascagoula,US,2021-08-07 22:30:07,30.3658,-88.5561,91.4,61,1,3.44
44,Ponta Do Sol,PT,2021-08-07 22:32:33,32.6667,-17.1,74.01,86,82,5.88
45,Taltal,CL,2021-08-07 22:32:33,-25.4,-70.4833,53.76,85,30,4.18
46,Hamilton,US,2021-08-07 22:30:11,39.1834,-84.5333,88.75,54,1,1.01
47,Port Elizabeth,ZA,2021-08-07 22:32:34,-33.918,25.5701,55.69,94,100,3.44
48,Zabol,AF,2021-08-07 22:32:34,32.25,67.25,71.69,17,0,4.92
49,Natal,BR,2021-08-07 22:28:00,-5.795,-35.2094,77.65,78,20,14.97
50,Bredasdorp,ZA,2021-08-07 22:32:34,-34.5322,20.0403,51.12,93,99,6.91
51,Chinhoyi,ZW,2021-08-07 22:32:35,-17.3667,30.2,58.14,45,0,4.32
52,Klaksvik,FO,2021-08-07 22:32:35,62.2266,-6.589,59.92,88,96,22.12
53,Tambopata,PE,2021-08-07 22:32:35,-12.7333,-69.1833,78.15,43,0,3.24
54,Moree,AU,2021-08-07 22:32:36,-29.4667,149.85,42.82,87,0,4.61
55,Tasiilaq,GL,2021-08-07 22:32:36,65.6145,-37.6368,44.76,94,100,8.88
56,Bathsheba,BB,2021-08-07 22:32:36,13.2167,-59.5167,83.01,69,40,12.66
57,Haian,CN,2021-08-07 22:32:37,32.5436,120.45,76.26,86,0,7.02
58,Touros,BR,2021-08-07 22:29:47,-5.1989,-35.4608,77.9,77,73,17.87
59,Kieta,PG,2021-08-07 22:32:37,-6.2167,155.6333,75.85,91,100,1.79
60,San Vicente,AR,2021-08-07 22:32:38,-26.6167,-54.1333,63.18,57,0,3.33
61,Vila Franca Do Campo,PT,2021-08-07 22:32:38,37.7167,-25.4333,70.21,78,12,6.2
62,Haapiti,PF,2021-08-07 22:32:39,-17.5667,-149.8667,83.93,73,25,6.11
63,Vaini,TO,2021-08-07 22:32:39,-21.2,-175.2,71.76,73,75,5.75
64,Kavieng,PG,2021-08-07 22:32:40,-2.5744,150.7967,82.62,77,89,14.45
65,Boca Do Acre,BR,2021-08-07 22:31:35,-8.7522,-67.3978,83.71,37,12,1.7
66,Cape Town,ZA,2021-08-07 22:29:15,-33.9258,18.4232,50.41,100,90,3.44
67,Darhan,MN,2021-08-07 22:32:40,49.4867,105.9228,59.63,77,85,3.78
68,Sitangkai,PH,2021-08-07 22:32:41,4.6628,119.3928,84.11,75,94,7.49
69,Souillac,MU,2021-08-07 22:32:41,-20.5167,57.5167,69.37,88,75,3.44
70,Santa Cruz De La Palma,ES,2021-08-07 22:32:42,28.6835,-17.7642,73.54,83,0,11.5
71,Abu Dhabi,AE,2021-08-07 22:32:42,24.4667,54.3667,93.31,59,0,2.3
72,Thompson,CA,2021-08-07 22:32:19,55.7435,-97.8558,78.96,47,40,11.5
73,Bosaso,SO,2021-08-07 22:32:05,11.2842,49.1816,90.12,46,24,7.96
74,Erzin,TR,2021-08-07 22:32:42,36.9559,36.2,79.52,81,3,4.38
75,Hilo,US,2021-08-07 22:32:43,19.7297,-155.09,82.26,67,75,10.36
76,Port Lincoln,AU,2021-08-07 22:32:43,-34.7333,135.8667,51.98,73,1,10.31
77,Olga,RU,2021-08-07 22:32:43,43.7444,135.2892,69.12,90,99,6.91
78,Tiksi,RU,2021-08-07 22:32:44,71.6872,128.8694,49.3,72,36,4.43
79,Adrar,MR,2021-08-07 22:32:44,20.5022,-10.0711,93.87,25,36,11.01
80,Toucheng,TW,2021-08-07 22:32:44,24.8592,121.8233,83.14,85,54,3.74
81,Saravan,AM,2021-08-07 22:32:45,39.7196,45.6483,65.05,64,52,4.59
82,Ancud,CL,2021-08-07 22:32:45,-41.8697,-73.8203,47.43,80,44,7.02
83,Nurota,UZ,2021-08-07 22:32:45,40.5614,65.6886,75.29,19,0,4.74
84,Yar-Sale,RU,2021-08-07 22:32:46,66.8333,70.8333,55.38,85,21,11.7
85,Kuty,UA,2021-08-07 22:32:46,48.2587,25.1795,57.96,75,2,5.44
86,Kapaa,US,2021-08-07 22:32:46,22.0752,-159.319,86.32,66,40,7.0
87,Trincomalee,LK,2021-08-07 22:32:47,8.5711,81.2335,80.01,79,100,18.34
88,Mount Isa,AU,2021-08-07 22:30:56,-20.7333,139.5,53.37,40,0,1.14
89,Arraial Do Cabo,BR,2021-08-07 22:32:47,-22.9661,-42.0278,69.66,68,0,10.36
90,Asau,RO,2021-08-07 22:32:40,46.4333,26.4,59.95,89,1,3.42
91,Faya,SA,2021-08-07 22:32:48,18.3851,42.4509,64.51,56,51,3.67
92,Ust-Nera,RU,2021-08-07 22:32:48,64.5667,143.2,69.44,47,42,1.57
93,Clyde River,CA,2021-08-07 22:32:49,70.4692,-68.5914,39.43,100,90,8.05
94,Cabo San Lucas,MX,2021-08-07 22:29:52,22.8909,-109.9124,91.62,62,40,19.57
95,Komsomolskiy,UZ,2021-08-07 22:32:49,40.4272,71.7189,79.52,36,86,2.3
96,Sosnovoborsk,RU,2021-08-07 22:32:49,56.1325,93.3589,56.75,83,64,3.49
97,Butaritari,KI,2021-08-07 22:32:50,3.0707,172.7902,82.63,66,11,14.58
98,Saskylakh,RU,2021-08-07 22:32:50,71.9167,114.0833,52.84,73,100,7.52
99,De-Kastri,RU,2021-08-07 22:32:50,51.4667,140.7833,56.59,74,100,13.04
100,Ginir,ET,2021-08-07 22:32:51,7.1333,40.7,60.98,65,71,5.55
101,Makinsk,KZ,2021-08-07 22:32:51,52.6292,70.4169,48.63,92,53,6.78
102,Mar Del Plata,AR,2021-08-07 22:30:05,-38.0023,-57.5575,51.82,87,20,10.36
103,Vila Velha,BR,2021-08-07 22:32:50,-20.3297,-40.2925,66.15,94,90,6.91
104,Lorengau,PG,2021-08-07 22:32:52,-2.0226,147.2712,81.9,77,69,11.21
105,Grindavik,IS,2021-08-07 22:32:52,63.8424,-22.4338,55.35,93,40,4.61
106,Codrington,AU,2021-08-07 22:32:52,-38.2667,141.9667,46.44,85,26,6.15
107,Aktash,RU,2021-08-07 22:32:53,50.3,87.7333,39.25,86,55,1.92
108,Pevek,RU,2021-08-07 22:32:53,69.7008,170.3133,42.06,72,29,8.75
109,Bengkulu,ID,2021-08-07 22:32:53,-3.8004,102.2655,75.58,90,9,3.91
110,Stephenville,US,2021-08-07 22:30:11,32.2207,-98.2023,95.79,42,75,14.97
111,Paka,MY,2021-08-07 22:32:54,4.6374,103.4368,78.73,100,66,0.0
112,Nuuk,GL,2021-08-07 22:32:54,64.1835,-51.7216,45.21,87,75,6.91
113,Marsh Harbour,BS,2021-08-07 22:32:54,26.5412,-77.0636,83.86,71,7,7.49
114,Northam,GB,2021-08-07 22:32:55,51.0333,-4.2167,61.09,91,29,20.54
115,Airai,TL,2021-08-07 22:32:55,-8.9266,125.4092,58.24,55,26,3.0
116,Bay Roberts,CA,2021-08-07 22:32:55,47.5999,-53.2648,71.44,86,100,8.99
117,Sao Joao Da Barra,BR,2021-08-07 22:32:17,-21.6403,-41.0511,68.22,78,77,13.76
118,Bassar,TG,2021-08-07 22:32:56,9.25,0.7833,69.87,94,40,4.36
119,Fare,PF,2021-08-07 22:32:56,-16.7,-151.0167,78.06,76,22,6.96
120,Carayao,PY,2021-08-07 22:32:57,-25.1833,-56.4,72.86,43,0,6.31
121,Fortuna,US,2021-08-07 22:32:12,40.5982,-124.1573,91.18,65,1,3.0
122,Hobart,AU,2021-08-07 22:30:14,-42.8794,147.3294,36.27,88,0,1.99
123,Sao Filipe,CV,2021-08-07 22:32:57,14.8961,-24.4956,78.46,84,61,7.36
124,Haradok,BY,2021-08-07 22:32:58,55.4624,29.9816,58.46,92,69,7.99
125,Georgetown,MY,2021-08-07 22:32:58,5.4112,100.3354,80.89,87,20,1.01
126,Trairi,BR,2021-08-07 22:31:28,-3.2778,-39.2689,79.97,78,78,14.45
127,New Norfolk,AU,2021-08-07 22:32:58,-42.7826,147.0587,36.75,87,96,3.06
128,Sri Aman,MY,2021-08-07 22:32:59,1.2376,111.4621,77.05,94,100,0.0
129,Beloha,MG,2021-08-07 22:32:59,-25.1667,45.05,61.63,87,0,3.94
130,Seydisehir,TR,2021-08-07 22:33:00,37.4193,31.8453,59.77,77,2,3.67
131,Khatanga,RU,2021-08-07 22:33:00,71.9667,102.5,54.66,62,29,8.95
132,Toora-Khem,RU,2021-08-07 22:33:00,52.4675,96.11,53.35,97,100,0.89
133,Harrai,IN,2021-08-07 22:33:01,22.6167,79.2167,73.96,87,88,4.21
134,Carnarvon,AU,2021-08-07 22:32:33,-24.8667,113.6333,64.47,90,90,6.91
135,Tuatapere,NZ,2021-08-07 22:33:01,-46.1333,167.6833,37.81,93,100,1.34
136,Alta Floresta,BR,2021-08-07 22:33:01,-9.8756,-56.0861,80.26,30,7,3.96
137,San Lorenzo,PY,2021-08-07 22:33:02,-25.3333,-57.5333,79.74,44,0,5.75
138,Narsaq,GL,2021-08-07 22:31:43,60.9167,-46.05,48.42,95,100,7.16
139,Kruisfontein,ZA,2021-08-07 22:33:02,-34.0033,24.7314,55.42,45,100,5.14
140,Patur,IN,2021-08-07 22:33:02,20.45,76.9333,75.88,88,84,6.15
141,Lancaster,US,2021-08-07 22:32:30,40.2504,-76.2499,80.15,62,1,9.22
142,Tautira,PF,2021-08-07 22:33:03,-17.7333,-149.15,84.22,75,68,9.35
143,Kampot,KH,2021-08-07 22:33:03,10.6167,104.1833,80.65,89,99,7.27
144,Castro,BR,2021-08-07 22:31:43,-24.7911,-50.0119,54.7,79,51,4.94
145,Alugan,PH,2021-08-07 22:33:04,12.2188,125.4808,81.66,78,97,5.64
146,Merauke,ID,2021-08-07 22:33:04,-8.4667,140.3333,77.04,74,62,13.13
147,Victoria,HK,2021-08-07 22:33:05,22.2855,114.1577,84.33,90,94,1.99
148,Saint-Francois,FR,2021-08-07 22:33:05,46.4154,3.9054,60.24,77,0,3.44
149,Wanxian,CN,2021-08-07 22:33:05,30.8039,108.3897,78.67,96,100,3.42
150,Conde,BR,2021-08-07 22:33:06,-7.2597,-34.9075,71.06,94,75,12.66
151,Skagen,DK,2021-08-07 22:33:06,57.7209,10.5839,62.1,80,89,7.72
152,Outjo,NA,2021-08-07 22:33:07,-20.1167,16.15,59.7,25,0,4.09
153,Soyo,AO,2021-08-07 22:33:07,-6.1349,12.3689,71.96,84,80,9.04
154,Gizo,SB,2021-08-07 22:33:07,-8.103,156.8419,81.52,77,82,10.6
155,Mlada Vozice,CZ,2021-08-07 22:33:08,49.5331,14.8086,60.1,95,99,8.01
156,Aklavik,CA,2021-08-07 22:33:08,68.2191,-135.0107,51.8,66,75,9.22
157,Dinkelsbuhl,DE,2021-08-07 22:33:09,49.0694,10.3199,59.45,94,96,7.85
158,Beja,TN,2021-08-07 22:33:09,36.7256,9.1817,84.85,45,25,3.96
159,Namibe,AO,2021-08-07 22:33:09,-15.1961,12.1522,68.11,86,75,1.21
160,Junnar,IN,2021-08-07 22:33:10,19.2,73.8833,70.97,92,41,4.94
161,Gushikawa,JP,2021-08-07 22:33:10,26.3544,127.8686,80.19,94,75,23.02
162,Reconquista,AR,2021-08-07 22:33:11,-29.15,-59.65,72.84,42,1,8.28
163,Tianpeng,CN,2021-08-07 22:33:11,30.9866,103.9393,75.67,92,100,4.68
164,Hasaki,JP,2021-08-07 22:33:11,35.7333,140.8333,79.2,93,100,22.21
165,Calvinia,ZA,2021-08-07 22:33:12,-31.4707,19.776,56.16,25,81,6.08
166,Iqaluit,CA,2021-08-07 22:32:30,63.7506,-68.5145,49.73,66,75,18.41
167,Mandera,KE,2021-08-07 22:33:12,3.9366,41.867,75.96,63,95,19.89
168,Chicama,PE,2021-08-07 22:33:12,-7.8447,-79.1469,63.14,76,10,10.02
169,Tura,IN,2021-08-07 22:33:13,25.5198,90.2201,74.41,99,100,5.39
170,Yellowknife,CA,2021-08-07 22:30:12,62.456,-114.3525,59.52,72,90,23.02
171,Balkanabat,TM,2021-08-07 22:33:13,39.5108,54.3671,96.78,13,0,16.22
172,Kazachinskoye,RU,2021-08-07 22:33:14,57.6953,93.2761,59.63,82,48,1.41
173,Katsuura,JP,2021-08-07 22:33:14,35.1333,140.3,78.91,98,100,30.2
174,Bubaque,GW,2021-08-07 22:33:15,11.2833,-15.8333,79.56,75,14,13.0
175,Svetlyy,RU,2021-08-07 22:33:15,54.675,20.1347,57.25,84,90,7.54
176,Kavaratti,IN,2021-08-07 22:33:15,10.5669,72.642,80.87,79,100,20.71
177,Taywarah,AF,2021-08-07 22:33:16,33.35,64.4167,56.1,32,0,6.55
178,Grand Gaube,MU,2021-08-07 22:33:16,-20.0064,57.6608,69.39,79,37,4.0
179,Mount Gambier,AU,2021-08-07 22:33:17,-37.8333,140.7667,37.31,93,90,0.0
180,Bambous Virieux,MU,2021-08-07 22:33:17,-20.3428,57.7575,69.22,88,75,3.44
181,Fort Nelson,CA,2021-08-07 22:32:06,58.8053,-122.7002,54.99,82,90,12.66
182,Talnakh,RU,2021-08-07 22:32:48,69.4865,88.3972,57.97,57,44,2.51
183,Haines Junction,CA,2021-08-07 22:33:17,60.7522,-137.5108,67.95,64,76,2.3
184,Port Alfred,ZA,2021-08-07 22:28:44,-33.5906,26.891,59.04,84,71,12.68
185,Mwinilunga,ZM,2021-08-07 22:33:18,-11.7358,24.4293,59.52,32,3,4.0
186,Placido De Castro,BR,2021-08-07 22:33:06,-10.3353,-67.1856,82.9,35,6,1.12
187,Ordzhonikidze,KZ,2021-08-07 22:33:18,52.4411,61.7408,55.8,64,40,9.98
188,Sarangani,PH,2021-08-07 22:33:18,5.4033,125.4636,79.65,81,99,11.45
189,Siniscola,IT,2021-08-07 22:33:19,40.5719,9.6922,78.35,57,7,4.72
190,Hualmay,PE,2021-08-07 22:33:19,-11.0964,-77.6139,64.2,78,25,13.85
191,Nishihara,JP,2021-08-07 22:30:36,26.1842,127.7558,80.26,97,90,24.16
192,Beringovskiy,RU,2021-08-07 22:33:20,63.05,179.3167,43.48,86,100,23.78
193,Faanui,PF,2021-08-07 22:31:41,-16.4833,-151.75,78.28,73,29,7.78
194,Lokachi,UA,2021-08-07 22:33:20,50.737,24.6494,59.76,82,25,7.78
195,Hithadhoo,MV,2021-08-07 22:33:20,-0.6,73.0833,81.79,74,100,7.54
196,Banda Aceh,ID,2021-08-07 22:33:21,5.5577,95.3222,79.25,84,90,7.0
197,Matay,EG,2021-08-07 22:33:21,28.419,30.7792,86.2,43,0,11.61
198,Santa Maria,BR,2021-08-07 22:28:24,-29.6842,-53.8069,69.1,78,0,5.75
199,Wajir,KE,2021-08-07 22:33:22,1.7471,40.0573,74.77,61,56,16.82
200,Barrow,US,2021-08-07 22:33:22,71.2906,-156.7887,39.22,72,75,9.22
201,Horki,BY,2021-08-07 22:33:22,54.2861,30.9842,59.68,85,67,9.08
202,Usinsk,RU,2021-08-07 22:33:23,65.9939,57.5281,49.28,96,100,13.06
203,Sarakhs,IR,2021-08-07 22:33:23,36.5449,61.1577,82.54,24,0,2.3
204,Lahaina,US,2021-08-07 22:30:14,20.8783,-156.6825,86.0,67,2,11.27
205,Birnin Kebbi,NG,2021-08-07 22:33:24,12.4539,4.1975,80.94,71,62,11.56
206,Azuaga,ES,2021-08-07 22:33:24,38.2667,-5.6833,67.96,42,0,11.36
207,Abu Zabad,SD,2021-08-07 22:33:24,12.35,29.25,75.74,76,100,10.38
208,Saint Anthony,US,2021-08-07 22:33:25,45.0205,-93.218,74.08,87,90,4.0
209,Port Hedland,AU,2021-08-07 22:33:25,-20.3167,118.5667,62.65,27,16,6.91
210,Flin Flon,CA,2021-08-07 22:32:30,54.7682,-101.865,73.24,68,90,8.05
211,Christchurch,NZ,2021-08-07 22:29:43,-43.5333,172.6333,41.92,87,90,4.61
212,Champerico,GT,2021-08-07 22:33:26,14.3,-91.9167,85.28,71,96,6.29
213,Quang Ngai,VN,2021-08-07 22:33:26,15.1167,108.8,79.25,80,100,5.88
214,Palana,RU,2021-08-07 22:33:26,59.1167,159.9667,49.59,81,68,14.61
215,Brooks,CA,2021-08-07 22:32:34,50.5834,-111.8851,87.78,22,87,18.41
216,Avarua,CK,2021-08-07 22:31:28,-21.2078,-159.775,78.85,65,20,6.91
217,Nakskov,DK,2021-08-07 22:33:27,54.8373,11.1284,64.99,81,68,11.56
218,Muzhi,RU,2021-08-07 22:33:27,65.3667,64.6667,56.32,90,97,10.09
219,Saint George,US,2021-08-07 22:32:08,37.1041,-113.5841,102.63,10,1,1.99
220,Hofn,IS,2021-08-07 22:33:27,64.2539,-15.2082,56.46,82,100,10.25
221,Raton,US,2021-08-07 22:33:28,36.9034,-104.4391,88.41,17,1,1.01
222,Manono,CD,2021-08-07 22:33:28,-7.3,27.4167,75.79,25,80,2.48
223,Ronneby,SE,2021-08-07 22:33:28,56.21,15.276,59.5,100,75,5.75
224,Shirgaon,IN,2021-08-07 22:33:29,19.7,72.7,80.15,83,31,8.46
225,Nantucket,US,2021-08-07 22:33:09,41.2835,-70.0995,79.97,78,1,13.8
226,Kahului,US,2021-08-07 22:33:10,20.8947,-156.47,86.02,60,20,24.16
227,Biloela,AU,2021-08-07 22:33:29,-24.4167,150.5,59.29,40,0,9.24
228,Qaanaaq,GL,2021-08-07 22:31:26,77.484,-69.3632,41.47,77,98,1.63
229,Portland,US,2021-08-07 22:30:28,45.5234,-122.6762,83.57,62,90,1.01
230,Krasnyy Chikoy,RU,2021-08-07 22:33:30,50.3643,108.7512,56.66,96,35,2.57
231,Constitucion,CL,2021-08-07 22:33:31,-35.3333,-72.4167,50.23,77,98,10.98
232,Rio Grande,BR,2021-08-07 22:33:31,-32.035,-52.0986,60.93,82,0,11.12
233,Lubango,AO,2021-08-07 22:33:31,-14.9172,13.4925,58.59,40,2,3.96
234,Pacific Grove,US,2021-08-07 22:30:21,36.6177,-121.9166,92.44,77,20,5.99
235,Ribeira Grande,PT,2021-08-07 22:32:30,38.5167,-28.7,69.58,70,19,12.71
236,Baruun-Urt,MN,2021-08-07 22:33:32,46.6806,113.2792,66.96,54,100,12.53
237,Kattivakkam,IN,2021-08-07 22:33:33,13.2167,80.3167,84.29,74,44,11.81
238,Byron Bay,AU,2021-08-07 22:33:33,-28.65,153.6167,62.55,75,28,12.8
239,Derac,HT,2021-08-07 22:33:33,19.65,-71.8167,85.95,75,23,12.93
240,East London,ZA,2021-08-07 22:33:33,-33.0153,27.9116,59.11,78,63,11.25
241,Gaomi,CN,2021-08-07 22:33:34,36.3833,119.7528,76.78,86,0,5.37
242,Ilorin,NG,2021-08-07 22:33:34,8.5,4.55,75.56,88,75,6.91
243,Russell,US,2021-08-07 22:33:28,32.3502,-85.1999,88.88,59,1,0.0
244,Lashio,MM,2021-08-07 22:33:34,22.9333,97.75,67.62,100,95,0.87
245,Manaure,CO,2021-08-07 22:33:13,11.7751,-72.4445,85.41,63,100,22.06
246,Geraldton,AU,2021-08-07 22:33:16,-28.7667,114.6,63.01,94,90,8.05
247,Naze,JP,2021-08-07 22:33:35,28.3667,129.4833,79.72,90,100,32.77
248,Oranjemund,NA,2021-08-07 22:33:35,-28.55,16.4333,59.38,56,17,5.61
249,Panama City,PA,2021-08-07 22:33:36,8.9936,-79.5197,82.17,89,75,2.3
250,Kenai,US,2021-08-07 22:33:36,60.5544,-151.2583,65.03,76,1,9.22
251,Aripuana,BR,2021-08-07 22:30:11,-9.1667,-60.6333,80.33,35,8,1.16
252,Forbes,AU,2021-08-07 22:33:37,-33.3833,148.0167,42.21,72,0,5.82
253,Rio Gallegos,AR,2021-08-07 22:33:37,-51.6226,-69.2181,35.65,75,0,24.16
254,Leningradskiy,RU,2021-08-07 22:33:37,69.3833,178.4167,38.98,75,77,13.94
255,Cherskiy,RU,2021-08-07 22:33:38,68.75,161.3,60.84,40,65,4.92
256,Longyearbyen,SJ,2021-08-07 22:33:38,78.2186,15.6401,44.44,76,75,11.5
257,Katobu,ID,2021-08-07 22:33:38,-4.9408,122.5276,75.16,86,88,4.61
258,Pisco,PE,2021-08-07 22:33:39,-13.7,-76.2167,64.45,72,20,17.27
259,Mazatlan,MX,2021-08-07 22:33:39,23.2167,-106.4167,89.02,81,40,1.01
260,Lerwick,GB,2021-08-07 22:33:40,60.1545,-1.1494,57.2,93,99,18.12
261,Port-Gentil,GA,2021-08-07 22:33:40,-0.7193,8.7815,76.96,83,90,11.5
262,Seoul,KR,2021-08-07 22:32:32,37.5683,126.9778,76.6,86,0,4.61
263,Barranca,PE,2021-08-07 22:33:05,-10.75,-77.7667,63.57,78,19,13.11
264,Mbanza-Ngungu,CD,2021-08-07 22:33:40,-5.25,14.8667,69.51,72,32,8.39
265,Guerrero Negro,MX,2021-08-07 22:33:41,27.9769,-114.0611,80.2,60,41,15.01
266,Vardo,NO,2021-08-07 22:33:41,70.3705,31.1107,56.46,73,63,8.21
267,Dingle,PH,2021-08-07 22:33:42,10.9995,122.6711,80.65,84,91,4.85
268,Ninh Binh,VN,2021-08-07 22:33:42,20.2539,105.975,82.85,76,98,4.18
269,Amahai,ID,2021-08-07 22:33:42,-3.3333,128.9167,76.82,89,100,1.88
270,Ahipara,NZ,2021-08-07 22:32:09,-35.1667,173.1667,58.06,82,100,13.35
271,Coahuayana,MX,2021-08-07 22:33:42,18.7333,-103.6833,87.28,84,92,4.63
272,Sungairaya,ID,2021-08-07 22:33:43,0.7,108.9,79.02,87,100,2.84
273,Banamba,ML,2021-08-07 22:33:43,13.55,-7.45,72.66,91,99,6.78
274,Grootfontein,NA,2021-08-07 22:33:44,-19.5667,18.1167,47.77,53,0,3.44
275,Cidreira,BR,2021-08-07 22:33:44,-30.1811,-50.2056,61.32,90,2,12.71
276,Llangefni,GB,2021-08-07 22:33:45,53.2556,-4.3106,60.58,91,40,23.02
277,Whitianga,NZ,2021-08-07 22:33:45,-36.8333,175.7,58.01,79,96,12.95
278,Chitral,PK,2021-08-07 22:32:07,35.8462,71.7858,74.88,57,97,1.72
279,Najran,SA,2021-08-07 22:33:46,17.4924,44.1277,84.85,38,82,7.34
280,Finnsnes,NO,2021-08-07 22:33:46,69.2296,17.9811,57.16,70,99,4.97
281,Traverse City,US,2021-08-07 22:33:41,44.7631,-85.6206,83.14,65,75,5.75
282,Sabang,ID,2021-08-07 22:33:46,5.8933,95.3214,82.24,79,91,12.19
283,Taksimo,RU,2021-08-07 22:33:09,56.3444,114.8794,59.27,98,100,0.65
284,Vestmanna,FO,2021-08-07 22:33:47,62.1564,-7.1664,58.12,77,96,13.8
285,Kirkwall,GB,2021-08-07 22:33:47,58.9848,-2.9587,55.74,94,20,6.91
286,Pervomayskiy,RU,2021-08-07 22:33:47,53.2485,40.2871,69.76,40,91,9.19
287,Srednekolymsk,RU,2021-08-07 22:33:48,67.45,153.6833,55.9,53,3,3.78
288,Porto San Giorgio,IT,2021-08-07 22:33:48,43.1827,13.7934,78.85,85,0,5.57
289,Copiapo,CL,2021-08-07 22:33:48,-27.3667,-70.3333,53.29,75,0,5.14
290,Tooele,US,2021-08-07 22:31:10,40.5308,-112.2983,86.09,32,1,8.05
291,Samarai,PG,2021-08-07 22:33:49,-10.6167,150.6667,78.1,85,88,14.61
292,Aldan,RU,2021-08-07 22:32:03,58.6031,125.3894,63.03,73,40,8.25
293,Conceicao Do Araguaia,BR,2021-08-07 22:33:49,-8.2578,-49.2647,86.13,42,0,4.61
294,Vaitape,PF,2021-08-07 22:33:50,-16.5167,-151.75,78.24,73,28,7.74
295,Lakatoro,VU,2021-08-07 22:33:50,-16.0999,167.4164,78.62,72,97,11.56
296,Nikolskoye,RU,2021-08-07 22:33:51,59.7035,30.7861,65.01,99,99,5.68
297,Vanimo,PG,2021-08-07 22:33:13,-2.6741,141.3028,81.14,75,82,4.54
298,Mamedkala,RU,2021-08-07 22:33:51,42.1677,48.1199,81.75,47,0,4.61
299,Praya,CV,2021-08-07 22:33:51,14.9215,-23.5087,79.34,89,75,5.75
300,Dzhebariki-Khaya,RU,2021-08-07 22:33:52,62.2167,135.8,68.45,42,6,4.52
301,Ekibastuz,KZ,2021-08-07 22:33:52,51.6667,75.3667,69.04,69,100,8.99
302,Alofi,NU,2021-08-07 22:33:52,-19.0595,-169.9187,76.89,65,27,11.5
303,Ulladulla,AU,2021-08-07 22:33:53,-35.35,150.4667,52.88,76,91,5.99
304,Esperance,AU,2021-08-07 22:33:53,-33.8667,121.9,53.44,78,100,1.7
305,Poso,ID,2021-08-07 22:33:53,-1.3959,120.7524,79.34,74,95,6.29
306,Telde,ES,2021-08-07 22:33:53,27.9924,-15.4192,71.82,78,20,19.57
307,Clarence Town,AU,2021-08-07 22:33:54,-32.5833,151.7833,53.82,70,92,3.38
308,Simao,CN,2021-08-07 22:33:54,22.7886,100.9748,65.01,99,99,0.51
309,Chenghai,CN,2021-08-07 22:33:55,23.4632,116.768,82.31,94,75,4.47
310,Sinnamary,GF,2021-08-07 22:33:55,5.3833,-52.95,78.31,84,98,3.85
311,Gat,IL,2021-08-07 22:33:00,31.61,34.7642,81.39,100,6,6.44
312,Vao,NC,2021-08-07 22:33:55,-22.6667,167.4833,67.48,63,99,5.61
313,Pochutla,MX,2021-08-07 22:33:56,15.7432,-96.4661,85.05,73,100,5.03
314,Xiaolan,CN,2021-08-07 22:33:56,22.6731,113.2295,82.35,91,74,3.74
315,Havre-Saint-Pierre,CA,2021-08-07 22:33:56,50.2334,-63.5986,62.96,88,90,10.36
316,Rawson,AR,2021-08-07 22:33:57,-43.3002,-65.1023,51.42,41,10,19.71
317,Willowmore,ZA,2021-08-07 22:33:57,-33.2926,23.4895,53.1,27,91,3.36
318,Hirara,JP,2021-08-07 22:33:58,24.8,125.2833,82.67,94,75,21.85
319,Vitim,RU,2021-08-07 22:33:58,59.4511,112.5578,56.5,98,100,2.82
320,Howard Springs,AU,2021-08-07 22:33:59,-12.497,131.047,69.71,65,3,8.61
321,Williams Lake,CA,2021-08-07 22:33:59,52.1415,-122.1445,69.37,51,75,1.99
322,Kendari,ID,2021-08-07 22:29:16,-3.945,122.4989,73.04,90,100,2.19
323,Kabo,CF,2021-08-07 22:33:59,7.6994,18.629,68.07,97,100,4.47
324,Praia Da Vitoria,PT,2021-08-07 22:34:00,38.7333,-27.0667,75.45,57,40,9.28
325,Mackay,AU,2021-08-07 22:34:00,-21.15,149.2,68.04,94,2,5.75
326,Sal Rei,CV,2021-08-07 22:34:01,16.1833,-22.9167,79.36,86,35,7.87
327,Bilibino,RU,2021-08-07 22:34:01,68.0546,166.4372,57.58,47,13,15.28
328,Qaracala,AZ,2021-08-07 22:34:01,39.8132,48.9523,80.35,61,12,5.66
329,Boden,SE,2021-08-07 22:34:02,65.8252,21.6886,64.4,72,76,6.35
330,Crotone,IT,2021-08-07 22:34:02,39.0851,17.1178,73.92,70,0,8.9
331,Esna,EG,2021-08-07 22:34:02,25.2934,32.554,93.6,11,0,4.68
332,Ceres,US,2021-08-07 22:34:03,37.5949,-120.9577,102.52,24,1,0.0
333,Ciro Marina,IT,2021-08-07 22:34:03,39.3732,17.126,73.85,60,0,7.94
334,Kalaleh,IR,2021-08-07 22:34:03,37.3807,55.4916,89.02,18,0,7.11
335,Saldanha,ZA,2021-08-07 22:34:04,-33.0117,17.9442,46.45,75,100,5.44
336,Bandrele,YT,2021-08-07 22:34:04,-12.9067,45.1914,69.55,88,0,5.75
337,Hashtrud,IR,2021-08-07 22:34:05,37.4779,47.0508,70.9,49,98,2.82
338,Olafsvik,IS,2021-08-07 22:34:05,64.8945,-23.7142,54.61,82,31,3.58
339,Itoman,JP,2021-08-07 22:34:05,26.1247,127.6694,80.98,96,75,24.16
340,Barao De Cocais,BR,2021-08-07 22:34:06,-19.9458,-43.4872,64.78,92,84,1.83
341,Severomuysk,RU,2021-08-07 22:34:06,56.1481,113.4267,50.63,96,100,2.35
342,Ngunguru,NZ,2021-08-07 22:34:07,-35.6167,174.5,61.16,72,100,13.49
343,Meulaboh,ID,2021-08-07 22:34:07,4.1363,96.1285,76.17,86,96,5.1
344,Severnyy,RU,2021-08-07 22:34:07,50.677,36.5532,68.04,88,0,2.24
345,Hoghiz,RO,2021-08-07 22:34:08,45.9833,25.3,56.8,79,8,3.15
346,Lagoa,PT,2021-08-07 22:34:08,39.05,-27.9833,68.52,67,43,10.16
347,Taloqan,AF,2021-08-07 22:34:09,36.7361,69.5345,78.31,21,27,6.26
348,Kaitangata,NZ,2021-08-07 22:34:09,-46.2817,169.8464,43.03,63,100,5.32
349,Itarema,BR,2021-08-07 22:34:09,-2.9248,-39.9167,80.64,74,95,18.03
350,College,US,2021-08-07 22:32:12,64.8569,-147.8028,58.59,90,75,4.61
351,Gao,ML,2021-08-07 22:34:10,16.6362,1.637,86.72,48,56,20.78
352,Hay River,CA,2021-08-07 22:34:10,60.8156,-115.7999,57.18,100,90,11.5
353,Nosy Varika,MG,2021-08-07 22:34:10,-20.5833,48.5333,63.0,91,18,3.71
354,San Patricio,US,2021-08-07 22:34:11,28.017,-97.5169,94.15,56,0,16.62
355,Aitape,PG,2021-08-07 22:34:11,-3.1374,142.3475,80.74,69,94,2.17
356,Bontang,ID,2021-08-07 22:34:11,0.1333,117.5,78.4,88,100,3.13
357,Lichinga,MZ,2021-08-07 22:29:16,-13.3128,35.2406,62.69,59,75,3.44
358,Ostrovnoy,RU,2021-08-07 22:32:15,68.0531,39.5131,54.19,81,6,9.93
359,Henties Bay,NA,2021-08-07 22:34:12,-22.116,14.2845,53.85,78,2,3.18
360,Tabou,CI,2021-08-07 22:34:12,4.423,-7.3528,76.71,81,77,8.5
361,Inirida,CO,2021-08-07 22:32:50,3.8653,-67.9239,74.55,92,34,1.54
362,San Quintin,MX,2021-08-07 22:34:13,30.4833,-115.95,72.82,68,4,10.94
363,Vestmannaeyjar,IS,2021-08-07 22:34:13,63.4427,-20.2734,54.28,92,100,8.97
364,Belyy Yar,RU,2021-08-07 22:34:13,53.6039,91.3903,57.09,94,100,0.0
365,Hami,CN,2021-08-07 22:34:14,42.8,93.45,76.19,23,1,11.48
366,Verkhnevilyuysk,RU,2021-08-07 22:34:14,63.4453,120.3167,63.79,64,99,10.25
367,Valga,EE,2021-08-07 22:34:14,57.7778,26.0473,61.0,96,24,4.5
368,Quetta,PK,2021-08-07 22:34:15,30.199,67.0097,73.76,55,0,5.28
369,Eureka,US,2021-08-07 22:31:21,40.8021,-124.1637,76.12,72,48,8.01
370,Zakupne,UA,2021-08-07 22:34:15,49.1194,26.3376,57.85,76,0,5.17
371,Novo Aripuana,BR,2021-08-07 22:34:16,-5.1206,-60.3797,83.7,42,54,2.35
372,Pangnirtung,CA,2021-08-07 22:34:16,66.1451,-65.7125,42.44,83,97,3.38
373,Bailesti,RO,2021-08-07 22:34:16,44.0167,23.35,73.72,43,7,6.02
374,Saint-Augustin,CA,2021-08-07 22:34:17,51.226,-58.6502,64.9,94,100,1.12
375,Nemuro,JP,2021-08-07 22:34:17,43.3236,145.575,66.9,97,71,13.42
376,Mehamn,NO,2021-08-07 22:34:18,71.0357,27.8492,62.51,62,83,9.01
377,Dogondoutchi,NE,2021-08-07 22:34:18,13.6393,4.0287,85.28,57,72,11.03
378,Kuldur,RU,2021-08-07 22:34:18,49.2167,131.6333,57.99,99,100,1.03
379,Ambulu,ID,2021-08-07 22:34:19,-8.345,113.6058,74.32,91,42,3.13
380,Steamboat Springs,US,2021-08-07 22:31:11,40.485,-106.8317,74.93,31,1,0.0
381,Necochea,AR,2021-08-07 22:34:19,-38.5473,-58.7368,48.04,74,34,8.55
382,Green River,US,2021-08-07 22:34:19,41.5286,-109.4662,81.19,20,4,5.99
383,Santa Lucia,ES,2021-08-07 22:34:20,27.9117,-15.5407,65.52,78,20,19.57
384,Pacifica,US,2021-08-07 22:30:57,37.6138,-122.4869,96.75,76,20,7.0
385,Luderitz,NA,2021-08-07 22:32:16,-26.6481,15.1594,58.66,57,28,3.69
386,Znamenskoye,RU,2021-08-07 22:34:20,57.1281,73.8282,60.35,99,100,5.19
387,Smithfield,US,2021-08-07 22:34:00,41.922,-71.5495,83.73,73,1,3.44
388,Takoradi,GH,2021-08-07 22:34:21,4.8845,-1.7554,75.67,89,34,9.66
389,Aswan,EG,2021-08-07 22:34:21,24.0934,32.907,94.46,19,14,9.1
390,Ponta Delgada,PT,2021-08-07 22:34:21,37.7333,-25.6667,70.52,68,75,6.91
391,Gijon,ES,2021-08-07 22:34:22,43.5357,-5.6615,64.0,78,46,3.0
392,Tres Arroyos,AR,2021-08-07 22:31:48,-38.3739,-60.2798,45.61,80,43,6.17
393,Bredy,RU,2021-08-07 22:34:22,52.4153,60.3411,56.08,60,9,7.74
394,Roma,US,2021-08-07 22:34:22,43.2128,-75.4557,85.84,64,1,6.91
395,Horadiz,AZ,2021-08-07 22:34:22,39.4488,47.3353,75.97,46,71,3.91
396,Leh,IN,2021-08-07 22:34:23,34.1667,77.5833,61.0,51,18,4.83
397,Richards Bay,ZA,2021-08-07 22:34:23,-28.783,32.0377,59.23,90,0,5.44
398,Cabra,ES,2021-08-07 22:34:23,37.4725,-4.4421,76.44,56,0,2.33
399,Kingsville,US,2021-08-07 22:34:24,27.5159,-97.8561,93.61,63,1,5.01
400,Winfield,US,2021-08-07 22:34:24,37.2398,-96.9956,97.77,46,1,14.97
401,Nanga Eboko,CM,2021-08-07 22:34:25,4.6833,12.3667,66.92,99,98,5.12
402,Hurghada,EG,2021-08-07 22:29:56,27.2574,33.8129,91.4,29,0,5.21
403,Biu,NG,2021-08-07 22:34:25,10.6129,12.1946,66.87,96,73,5.82
404,Karasuk,RU,2021-08-07 22:34:25,53.7377,78.0403,61.84,77,90,5.55
405,Mizque,BO,2021-08-07 22:34:26,-17.941,-65.3402,62.24,55,9,6.13
406,Cao Bang,VN,2021-08-07 22:34:26,22.6667,106.25,78.62,97,100,0.87
407,Pingzhuang,CN,2021-08-07 22:34:26,42.0372,119.2889,70.66,70,24,3.42
408,Acapulco,MX,2021-08-07 22:31:25,16.8634,-99.8901,85.82,74,75,10.36
409,Onokhoy,RU,2021-08-07 22:34:27,51.932,108.0747,53.35,89,29,4.99
410,Senanga,ZM,2021-08-07 22:34:27,-16.1167,23.2667,58.68,23,0,6.55
411,Lompoc,US,2021-08-07 22:32:24,34.6391,-120.4579,82.56,68,1,13.8
412,Shakawe,BW,2021-08-07 22:34:28,-18.3667,21.85,57.2,24,0,4.81
413,Batsfjord,NO,2021-08-07 22:34:22,70.6345,29.7185,62.53,65,89,13.15
414,Lahat,ID,2021-08-07 22:34:28,-3.8,103.5333,72.12,92,6,2.33
415,Khandyga,RU,2021-08-07 22:34:28,62.6667,135.6,69.01,40,7,3.74
416,Jardim,BR,2021-08-07 22:34:28,-21.4803,-56.1381,75.38,31,0,4.16
417,Atherton,GB,2021-08-07 22:34:29,53.5237,-2.4935,60.44,96,100,4.0
418,Caravelas,BR,2021-08-07 22:34:29,-17.7125,-39.2481,68.27,80,100,8.41
419,Tvoroyri,FO,2021-08-07 22:34:30,61.5556,-6.8111,60.19,95,100,20.58
420,Gerash,IR,2021-08-07 22:34:30,27.6652,54.1371,88.77,37,9,1.19
421,Tepusteca,HN,2021-08-07 22:34:31,15.4167,-86.3167,78.08,68,87,3.18
422,Chapais,CA,2021-08-07 22:32:45,49.7834,-74.8492,64.18,44,4,5.79
423,Jinzhou,CN,2021-08-07 22:34:31,41.1078,121.1417,74.79,78,0,2.39
424,Neryungri,RU,2021-08-07 22:34:31,56.6709,124.6491,54.48,88,99,8.01
425,Cozumel,MX,2021-08-07 22:31:57,20.5083,-86.9458,89.58,76,40,7.0
426,Manta,EC,2021-08-07 22:34:32,-0.95,-80.7333,74.98,78,90,9.22
427,Muriae,BR,2021-08-07 22:34:32,-21.1306,-42.3664,61.66,84,80,4.68
428,Baherden,TM,2021-08-07 22:34:32,38.4362,57.4316,89.46,16,0,3.58
429,Veraval,IN,2021-08-07 22:34:33,20.9,70.3667,81.25,81,86,9.95
430,Panalingaan,PH,2021-08-07 22:34:33,8.7842,117.4231,80.4,82,100,4.34
431,Riberalta,BO,2021-08-07 22:34:33,-10.9833,-66.1,89.8,45,1,0.0
432,Puerto Madryn,AR,2021-08-07 22:34:34,-42.7692,-65.0385,52.34,38,2,22.24
433,Morro Bay,US,2021-08-07 22:32:16,35.3658,-120.8499,95.88,62,24,10.0
434,Sao Raimundo Nonato,BR,2021-08-07 22:34:35,-9.0153,-42.6994,75.88,40,0,6.8
435,Rio Claro,BR,2021-08-07 22:34:36,-22.4114,-47.5614,73.22,44,96,2.93
436,San Juan,AR,2021-08-07 22:34:36,-31.5375,-68.5364,60.94,37,0,14.88
437,Yuli,NG,2021-08-07 22:34:37,9.6989,10.2744,72.77,95,93,5.19
438,Matamoros,MX,2021-08-07 22:32:42,25.5333,-103.25,89.71,34,40,11.5
439,Husavik,IS,2021-08-07 22:33:16,66.0449,-17.3389,55.31,74,92,3.69
440,Marawi,PH,2021-08-07 22:32:13,7.9986,124.2928,67.64,88,99,3.58
441,Luganville,VU,2021-08-07 22:34:37,-15.5333,167.1667,77.95,79,99,13.15
442,Chisec,GT,2021-08-07 22:34:38,15.8167,-90.2833,93.43,90,100,2.68
443,Pitimbu,BR,2021-08-07 22:33:24,-7.4706,-34.8086,72.19,80,56,19.57
444,Sakakah,SA,2021-08-07 22:34:38,29.9697,40.2064,87.37,15,0,6.4
445,Nizhniy Odes,RU,2021-08-07 22:34:39,63.6445,54.856,46.72,92,80,7.16
446,Gidole,ET,2021-08-07 22:34:39,5.65,37.3667,62.56,48,89,3.47
447,Havelock,US,2021-08-07 22:34:40,34.8791,-76.9013,79.05,89,100,4.0
448,Pundaguitan,PH,2021-08-07 22:34:40,6.3711,126.1689,81.54,76,100,10.83
449,Beyneu,KZ,2021-08-07 22:34:40,45.3167,55.2,85.05,18,0,5.66
450,Sept-Iles,CA,2021-08-07 22:31:02,50.2001,-66.3821,70.25,60,75,8.01
451,Vostok,RU,2021-08-07 22:34:40,46.4856,135.8833,56.86,98,100,5.59
452,Kiunga,PG,2021-08-07 22:34:41,-6.1219,141.2906,72.25,97,100,2.44
453,Belaya Gora,RU,2021-08-07 22:34:41,68.5333,146.4167,62.11,50,36,7.61
454,Padang,ID,2021-08-07 22:34:42,-0.9492,100.3543,77.14,88,51,3.74
455,Huilong,CN,2021-08-07 22:34:42,31.8111,121.655,84.04,79,17,12.35
456,Bisira,PA,2021-08-07 22:34:42,8.5196,-81.7115,61.27,96,100,2.33
457,Celestun,MX,2021-08-07 22:34:43,20.8667,-90.4,86.13,71,36,16.75
458,Goderich,CA,2021-08-07 22:34:43,43.7501,-81.7165,79.21,65,2,4.61
459,Kloulklubed,PW,2021-08-07 22:34:43,7.0419,134.2556,79.3,82,100,2.93
460,Ilembo,TZ,2021-08-07 22:34:44,-9.25,33.3833,47.8,88,6,3.96
461,Nogliki,RU,2021-08-07 22:34:44,51.8333,143.1667,56.01,79,100,14.47
462,Chissamba,AO,2021-08-07 22:34:44,-12.1667,17.3333,59.13,20,8,3.71
463,Tenenkou,ML,2021-08-07 22:34:45,14.4572,-4.9169,79.65,74,57,10.71
464,Banjarmasin,ID,2021-08-07 22:34:18,-3.3244,114.591,77.14,89,73,2.73
465,Outlook,CA,2021-08-07 22:34:45,51.5001,-107.0513,85.69,28,87,11.92
466,Koutiala,ML,2021-08-07 22:34:45,12.3917,-5.4642,74.68,85,48,5.68
467,Heinola,FI,2021-08-07 22:34:46,61.2056,26.0381,59.09,98,100,7.54
468,Arman,RU,2021-08-07 22:34:46,59.7,150.1667,64.63,59,29,3.49
469,Mossendjo,CG,2021-08-07 22:34:48,-2.9506,12.7261,66.4,96,45,2.68
470,Pafos,CY,2021-08-07 22:34:48,34.7667,32.4167,80.51,74,40,5.75
471,Thap Than,TH,2021-08-07 22:34:49,15.4606,99.8917,77.38,78,100,3.2
472,Loandjili,CG,2021-08-07 22:34:49,-4.7561,11.8578,69.91,94,40,1.14
473,Slave Lake,CA,2021-08-07 22:32:29,55.2834,-114.769,57.18,77,90,14.97
474,Sampit,ID,2021-08-07 22:34:49,-2.5333,112.95,74.71,98,98,1.86
475,Rabo De Peixe,PT,2021-08-07 22:34:50,37.8,-25.5833,69.31,68,75,6.91
476,Edendale,ZA,2021-08-07 22:34:50,-29.6528,30.3147,48.63,78,5,4.74
477,Parana,AR,2021-08-07 22:31:13,-31.732,-60.5238,75.56,58,0,9.06
478,Komsomolets,KZ,2021-08-07 22:34:51,53.7453,62.0708,53.47,75,0,8.63
479,Marsa Matruh,EG,2021-08-07 22:34:51,31.3525,27.2453,79.65,81,0,9.17
480,Pozarevac,RS,2021-08-07 22:34:51,44.6153,21.1825,74.07,43,21,5.97
481,Te Anau,NZ,2021-08-07 22:34:52,-45.4167,167.7167,37.42,90,100,4.47
482,Wasilla,US,2021-08-07 22:34:52,61.5814,-149.4394,66.29,77,90,0.0
483,Sawtell,AU,2021-08-07 22:34:52,-30.3833,153.1,61.18,67,19,11.5
484,Houma,US,2021-08-07 22:34:53,29.5958,-90.7195,93.2,66,40,5.75
485,Mitzic,GA,2021-08-07 22:34:53,0.7821,11.549,67.48,99,91,3.6
486,Barguzin,RU,2021-08-07 22:34:53,53.6167,109.6167,57.92,88,95,4.63
487,Poya,NC,2021-08-07 22:34:54,-21.35,165.15,71.89,59,94,2.64
488,Victor Harbor,AU,2021-08-07 22:34:54,-35.5667,138.6167,51.91,76,0,4.76
489,Sao Gabriel Da Cachoeira,BR,2021-08-07 22:34:54,-0.1303,-67.0892,89.4,62,20,1.14
490,Tambovka,RU,2021-08-07 22:34:55,50.0969,128.0489,64.51,94,100,11.86
491,Radviliskis,LT,2021-08-07 22:34:55,55.8167,23.5333,57.25,94,63,6.91
492,Bethanien,NA,2021-08-07 22:34:56,-26.502,17.1583,61.47,19,0,8.68
493,Hobyo,SO,2021-08-07 22:33:12,5.3505,48.5268,75.97,83,99,24.45
494,Norman Wells,CA,2021-08-07 22:34:56,65.282,-126.8329,51.84,58,75,8.05
495,Loa Janan,ID,2021-08-07 22:34:57,-0.583,117.095,75.47,98,99,1.74
496,Hays,US,2021-08-07 22:34:57,30.0502,-98.0336,94.1,56,5,5.99
497,Hattiesburg,US,2021-08-07 22:34:57,31.3271,-89.2903,91.89,53,20,0.0
498,Luanda,AO,2021-08-07 22:34:58,-8.8368,13.2343,70.61,91,71,6.58
499,Alice Springs,AU,2021-08-07 22:34:58,-23.7,133.8833,35.15,60,0,5.75
500,San Jeronimo,PE,2021-08-07 22:34:58,-11.9472,-75.2829,53.98,59,23,6.29
501,Araouane,ML,2021-08-07 22:34:59,18.9048,-3.5265,100.67,24,88,9.75
502,Ruidoso,US,2021-08-07 22:34:59,33.3317,-105.673,87.66,44,20,11.5
503,Karratha,AU,2021-08-07 22:31:46,-20.7377,116.8463,68.32,48,58,9.08
504,Nador,MA,2021-08-07 22:35:00,35.174,-2.9287,78.87,50,0,19.57
505,Silver City,US,2021-08-07 22:35:00,32.7701,-108.2803,88.68,28,40,11.99
506,Tucurui,BR,2021-08-07 22:35:00,-3.7661,-49.6725,79.61,51,20,1.34
507,Hirado,JP,2021-08-07 22:35:01,33.3597,129.5531,79.95,79,100,6.33
508,Caruray,PH,2021-08-07 22:35:01,10.3094,119.0128,81.05,83,89,3.53
509,Marshall,US,2021-08-07 22:31:04,34.3834,-86.3333,87.62,59,1,3.44
510,Kshenskiy,RU,2021-08-07 22:35:01,51.8408,37.7136,67.75,66,100,6.29
511,Rundu,NA,2021-08-07 22:35:02,-17.9333,19.7667,56.79,24,0,3.83
512,Banjar,ID,2021-08-07 22:35:02,-8.19,114.9675,76.08,90,31,3.33
513,Rocha,UY,2021-08-07 22:35:06,-34.4833,-54.3333,63.05,89,7,4.21
514,San Mateo Del Mar,MX,2021-08-07 22:35:07,16.2,-95.0,86.16,70,43,14.74
515,Walvis Bay,NA,2021-08-07 22:35:07,-22.9575,14.5053,54.09,81,3,2.3
516,Rila,BG,2021-08-07 22:35:08,42.1333,23.1333,64.63,45,0,3.2
517,Rumonge,BI,2021-08-07 22:35:08,-3.9736,29.4386,77.9,59,85,1.54
518,Stornoway,GB,2021-08-07 22:35:08,58.2093,-6.3865,58.93,94,72,2.3
519,Cadiz,ES,2021-08-07 22:35:09,36.5,-5.75,69.75,88,0,2.57
520,Klang,MY,2021-08-07 22:35:09,3.0333,101.45,80.74,89,20,0.0
521,Krasnoselkup,RU,2021-08-07 22:35:09,65.7,82.4667,62.33,69,95,4.92
522,Lincoln,US,2021-08-07 22:31:40,40.8,-96.667,93.58,55,1,13.8
523,Murray Bridge,AU,2021-08-07 22:30:56,-35.1167,139.2667,52.32,83,0,6.4
524,Khao Yoi,TH,2021-08-07 22:35:10,13.2403,99.8243,78.01,78,77,3.38
525,Shegaon,IN,2021-08-07 22:35:10,20.7833,76.6833,77.92,84,72,7.99
526,Kasempa,ZM,2021-08-07 22:35:11,-13.4584,25.8338,58.41,35,1,4.45
527,Boa Vista,BR,2021-08-07 22:32:59,2.8197,-60.6733,78.78,78,75,6.91
528,Bandarbeyla,SO,2021-08-07 22:32:23,9.4942,50.8122,75.4,83,12,28.68
529,Lata,PT,2021-08-07 22:35:11,40.1629,-8.3327,61.81,98,21,3.31
530,Faxinal,BR,2021-08-07 22:35:11,-24.0003,-51.3194,63.81,56,81,6.44
531,Saint-Pierre,RE,2021-08-07 22:31:21,-21.3393,55.4781,69.44,67,75,8.05
532,Bahia Blanca,AR,2021-08-07 22:30:22,-38.7196,-62.2724,49.37,50,1,6.98
533,Mahebourg,MU,2021-08-07 22:35:12,-20.4081,57.7,69.26,88,75,3.44
534,Kupang,ID,2021-08-07 22:35:12,-10.1667,123.5833,73.98,78,20,8.05
535,Oyem,GA,2021-08-07 22:35:13,1.5995,11.5793,66.63,99,99,2.33
536,Springbok,ZA,2021-08-07 22:35:13,-29.6643,17.8865,54.9,27,74,4.72
537,Jiuquan,CN,2021-08-07 22:35:13,39.7432,98.5174,69.24,36,55,4.65
538,Hambantota,LK,2021-08-07 22:35:14,6.1241,81.1185,78.93,81,100,19.33
539,Pekalongan,ID,2021-08-07 22:35:14,-6.8886,109.6753,77.97,82,28,5.1
540,Tarabuco,BO,2021-08-07 22:35:16,-19.1667,-64.9167,54.1,31,10,4.05
541,Bilma,NE,2021-08-07 22:35:16,18.6853,12.9164,95.05,27,95,10.6
542,Mayo,US,2021-08-07 22:35:16,38.8876,-76.5119,75.2,90,90,8.01
543,Sharan,RU,2021-08-07 22:35:17,54.8167,54.0,60.04,63,94,2.59
544,Magistralnyy,RU,2021-08-07 22:35:17,56.1725,107.4458,56.12,75,73,3.44
545,Talaya,RU,2021-08-07 22:35:18,61.3833,152.75,50.25,89,100,3.58
546,Bani,DO,2021-08-07 22:35:18,18.2833,-70.3333,77.86,75,12,9.48
547,Dunedin,NZ,2021-08-07 22:32:27,-45.8742,170.5036,42.8,68,100,9.89
548,Iracoubo,GF,2021-08-07 22:35:18,5.4802,-53.2011,77.85,85,95,2.51
549,Fraserburgh,GB,2021-08-07 22:35:19,57.6874,-2.0184,59.38,88,3,10.94
550,San Angelo,US,2021-08-07 22:34:34,31.4638,-100.437,99.64,33,1,5.01
551,Surt,LY,2021-08-07 22:35:19,31.2089,16.5887,80.91,75,0,13.15
552,Mercedes,AR,2021-08-07 22:35:19,-34.6515,-59.4307,73.02,66,6,5.46
553,Sorkjosen,NO,2021-08-07 22:35:20,69.8,20.9333,60.48,60,93,10.04
554,Niteroi,BR,2021-08-07 22:30:47,-22.8833,-43.1036,71.49,71,20,8.05
555,Ust-Tsilma,RU,2021-08-07 22:35:20,65.441,52.1498,42.57,97,1,3.6
556,Luena,AO,2021-08-07 22:35:21,-11.7833,19.9167,54.55,22,2,3.85
557,Snasa,NO,2021-08-07 22:35:21,64.2457,12.3778,54.84,64,78,6.46
558,Satun,TH,2021-08-07 22:35:21,6.8333,100.0,80.31,93,50,2.01
