City_ID,City,Country,Date,Lat,Lng,Weather Description,Max Temp,Humidity,Cloudiness,Wind Speed
0,Umarkhed,IN,2021-08-08 23:59:25,19.6,77.7,overcast clouds,80.35,75,100,2.35
1,Diego De Almagro,CL,2021-08-08 23:59:25,-26.3667,-70.05,few clouds,51.82,44,14,2.55
2,Mataura,NZ,2021-08-08 23:59:26,-46.1927,168.8643,overcast clouds,39.47,97,91,5.5
3,Paamiut,GL,2021-08-08 23:52:30,61.994,-49.6678,overcast clouds,43.36,88,98,0.25
4,Pevek,RU,2021-08-08 23:59:26,69.7008,170.3133,scattered clouds,37.54,81,27,10.87
5,Hilo,US,2021-08-08 23:54:27,19.7297,-155.09,few clouds,80.26,88,22,9.86
6,Saint-Philippe,RE,2021-08-08 23:59:26,-21.3585,55.7679,light rain,68.22,88,41,8.81
7,Mujiayingzi,CN,2021-08-08 23:59:27,42.1167,118.7833,light rain,71.28,65,100,2.89
8,Faanui,PF,2021-08-08 23:50:39,-16.4833,-151.75,light rain,79.05,77,22,12.37
9,Balkanabat,TM,2021-08-08 23:51:00,39.5108,54.3671,clear sky,95.41,14,0,22.06
10,Rikitea,PF,2021-08-08 23:56:56,-23.1203,-134.9692,clear sky,74.43,76,1,11.83
11,Chuy,UY,2021-08-08 23:57:46,-33.6971,-53.4616,moderate rain,57.13,96,98,11.21
12,Busselton,AU,2021-08-08 23:54:33,-33.65,115.3333,overcast clouds,53.1,62,100,20.85
13,Punta Arenas,CL,2021-08-08 23:57:24,-53.15,-70.9167,overcast clouds,41.11,75,90,11.5
14,Concordia,AR,2021-08-08 23:57:47,-31.393,-58.0209,overcast clouds,68.56,69,93,4.05
15,Bengkulu,ID,2021-08-08 23:59:28,-3.8004,102.2655,broken clouds,76.37,87,62,3.98
16,Bredasdorp,ZA,2021-08-08 23:59:28,-34.5322,20.0403,moderate rain,52.92,87,100,12.66
17,Kildinstroy,RU,2021-08-08 23:59:28,68.8049,33.1,clear sky,46.71,100,0,6.71
18,Omboue,GA,2021-08-08 23:50:47,-1.5746,9.2618,broken clouds,72.91,87,51,7.85
19,Sambava,MG,2021-08-08 23:59:29,-14.2667,50.1667,scattered clouds,67.41,85,43,6.15
20,Ouesso,CG,2021-08-08 23:59:29,1.6136,16.0517,few clouds,69.58,94,22,3.18
21,Richards Bay,ZA,2021-08-08 23:59:30,-28.783,32.0377,clear sky,64.15,62,1,10.4
22,Severo-Kurilsk,RU,2021-08-08 23:59:30,50.6789,156.125,broken clouds,56.34,84,62,12.26
23,Sagua La Grande,CU,2021-08-08 23:59:30,22.8067,-80.0756,clear sky,81.93,72,8,9.8
24,Esperance,AU,2021-08-08 23:50:47,-33.8667,121.9,clear sky,58.84,74,1,20.54
25,Ponta Do Sol,PT,2021-08-08 23:55:14,32.6667,-17.1,scattered clouds,70.43,75,29,3.49
26,Kapaa,US,2021-08-08 23:57:15,22.0752,-159.319,scattered clouds,84.18,70,47,4.0
27,Souillac,MU,2021-08-08 23:48:57,-20.5167,57.5167,light rain,68.38,94,75,3.44
28,Buguruslan,RU,2021-08-08 23:59:31,53.6554,52.442,few clouds,60.82,43,23,4.12
29,Hermanus,ZA,2021-08-08 23:59:31,-34.4187,19.2345,moderate rain,52.9,79,100,14.32
30,Tiarei,PF,2021-08-08 23:55:07,-17.5333,-149.3333,few clouds,84.22,75,15,11.1
31,Yellowknife,CA,2021-08-08 23:50:44,62.456,-114.3525,broken clouds,55.92,47,75,6.91
32,Lebu,CL,2021-08-08 23:59:32,-37.6167,-73.65,clear sky,44.29,83,5,4.7
33,Castro,BR,2021-08-08 23:49:33,-24.7911,-50.0119,overcast clouds,60.8,59,97,4.52
34,Falmouth,GB,2021-08-08 23:58:04,50.1544,-5.0711,overcast clouds,59.9,100,100,5.01
35,Batagay,RU,2021-08-08 23:54:58,67.6333,134.6333,few clouds,77.77,30,15,2.48
36,Saint-Francois,FR,2021-08-08 23:59:32,46.4154,3.9054,clear sky,58.17,98,0,3.44
37,Albany,US,2021-08-08 23:54:37,42.6001,-73.9662,few clouds,77.86,73,22,5.41
38,Lompoc,US,2021-08-08 23:48:13,34.6391,-120.4579,clear sky,81.57,75,1,14.97
39,Blythe,US,2021-08-08 23:59:32,33.6103,-114.5964,clear sky,111.04,16,3,15.59
40,Tasiilaq,GL,2021-08-08 23:59:33,65.6145,-37.6368,light rain,42.51,94,100,21.12
41,Carnarvon,AU,2021-08-08 23:55:15,-24.8667,113.6333,overcast clouds,64.47,76,90,6.91
42,Fasa,IR,2021-08-08 23:59:33,28.9383,53.6482,clear sky,78.04,34,0,0.0
43,Namibe,AO,2021-08-08 23:50:23,-15.1961,12.1522,scattered clouds,62.83,81,45,5.88
44,Jamestown,US,2021-08-08 23:57:09,42.097,-79.2353,broken clouds,78.19,83,74,1.48
45,Ilulissat,GL,2021-08-08 23:50:23,69.2167,-51.1,overcast clouds,37.78,94,100,6.6
46,Mokolo,CM,2021-08-08 23:58:05,10.7398,13.8019,light rain,68.9,94,100,7.47
47,Yumen,CN,2021-08-08 23:55:25,40.2833,97.2,clear sky,71.56,20,1,6.46
48,Vaini,TO,2021-08-08 23:56:59,-21.2,-175.2,broken clouds,73.56,73,75,4.61
49,Atuona,PF,2021-08-08 23:59:34,-9.8,-139.0333,light rain,77.68,79,23,21.27
50,Kutum,SD,2021-08-08 23:59:34,14.2,24.6667,broken clouds,68.65,77,60,10.94
51,Aasiaat,GL,2021-08-08 23:59:35,68.7098,-52.8699,overcast clouds,39.2,94,100,10.47
52,Bluff,NZ,2021-08-08 23:54:52,-46.6,168.3333,overcast clouds,39.79,82,96,15.9
53,Lasa,IT,2021-08-08 23:51:41,46.6166,10.7002,scattered clouds,59.88,90,29,1.77
54,Burgeo,CA,2021-08-08 23:52:39,47.6167,-57.6152,clear sky,59.0,80,7,15.23
55,Victoria,HK,2021-08-08 23:57:09,22.2855,114.1577,overcast clouds,85.32,89,100,9.6
56,Avera,US,2021-08-08 23:56:13,33.194,-82.5271,overcast clouds,89.65,73,91,4.32
57,Xingyi,CN,2021-08-08 23:59:35,24.1877,102.817,light rain,65.32,96,100,0.69
58,Arraial Do Cabo,BR,2021-08-08 23:59:36,-22.9661,-42.0278,clear sky,69.08,83,8,24.58
59,Ust-Ishim,RU,2021-08-08 23:58:39,57.6935,71.1665,broken clouds,62.85,95,61,4.88
60,Baillif,GP,2021-08-08 23:59:36,16.0202,-61.7463,few clouds,80.1,79,14,13.94
61,Fort Dodge,US,2021-08-08 23:55:20,42.4975,-94.168,overcast clouds,80.82,73,90,9.22
62,Marsa Matruh,EG,2021-08-08 23:51:59,31.3525,27.2453,clear sky,79.0,69,0,12.66
63,Moyale,KE,2021-08-08 23:59:37,3.5167,39.0584,broken clouds,65.12,67,69,14.14
64,Grand Gaube,MU,2021-08-08 23:58:05,-20.0064,57.6608,light rain,68.4,90,87,3.0
65,Tianpeng,CN,2021-08-08 23:58:14,30.9866,103.9393,overcast clouds,73.87,84,90,1.41
66,Cape Town,ZA,2021-08-08 23:58:26,-33.9258,18.4232,light rain,55.11,92,75,3.0
67,Clyde River,CA,2021-08-08 23:59:37,70.4692,-68.5914,overcast clouds,44.83,87,90,13.8
68,Surin,TH,2021-08-08 23:59:37,14.8818,103.4936,overcast clouds,79.18,82,89,8.03
69,Ushuaia,AR,2021-08-08 23:56:58,-54.8,-68.3,scattered clouds,40.66,70,40,3.44
70,Saskylakh,RU,2021-08-08 23:59:38,71.9167,114.0833,overcast clouds,60.62,60,100,6.31
71,Georgetown,MY,2021-08-08 23:57:07,5.4112,100.3354,few clouds,80.89,88,20,4.61
72,Kavieng,PG,2021-08-08 23:59:38,-2.5744,150.7967,light rain,83.86,69,93,10.98
73,Atar,MR,2021-08-08 23:51:28,20.5169,-13.0499,clear sky,93.45,26,9,3.06
74,Bogorodskoye,RU,2021-08-08 23:59:39,56.55,37.8833,clear sky,64.78,94,4,4.05
75,Kieta,PG,2021-08-08 23:59:39,-6.2167,155.6333,scattered clouds,83.53,66,35,3.18
76,Turayf,SA,2021-08-08 23:59:18,31.6725,38.6637,clear sky,75.45,46,0,9.22
77,Druzhba,UA,2021-08-08 23:59:39,52.0428,33.9453,few clouds,62.31,84,14,7.81
78,Longyearbyen,SJ,2021-08-08 23:58:51,78.2186,15.6401,broken clouds,40.84,93,75,6.91
79,Rock Sound,BS,2021-08-08 23:59:40,24.9,-76.2,broken clouds,83.21,73,57,11.03
80,Shiraz,IR,2021-08-08 23:59:40,29.6036,52.5388,clear sky,76.44,31,0,4.61
81,Mar Del Plata,AR,2021-08-08 23:59:41,-38.0023,-57.5575,light rain,48.22,76,0,9.22
82,Glenwood Springs,US,2021-08-08 23:51:24,39.5505,-107.3248,clear sky,88.72,16,1,11.54
83,Atambua,ID,2021-08-08 23:59:41,-9.1061,124.8925,clear sky,76.33,64,8,3.06
84,Kachiry,KZ,2021-08-08 23:59:41,53.0675,76.1036,light rain,60.12,95,100,9.17
85,Kahului,US,2021-08-08 23:46:16,20.8947,-156.47,few clouds,86.02,58,20,25.32
86,Vestmannaeyjar,IS,2021-08-08 23:59:42,63.4427,-20.2734,overcast clouds,56.16,80,87,7.58
87,Assomada,CV,2021-08-08 23:59:42,15.1,-23.6833,scattered clouds,74.75,85,31,1.97
88,Pemberton,CA,2021-08-08 23:59:42,50.3164,-122.8027,broken clouds,73.09,58,77,5.68
89,Khatanga,RU,2021-08-08 23:58:24,71.9667,102.5,overcast clouds,53.06,74,100,11.72
90,Tabas,IR,2021-08-08 23:59:42,33.5959,56.9244,clear sky,85.86,16,0,4.5
91,Necochea,AR,2021-08-08 23:50:42,-38.5473,-58.7368,overcast clouds,46.04,72,100,6.04
92,Tuktoyaktuk,CA,2021-08-08 23:50:23,69.4541,-133.0374,broken clouds,50.0,71,75,6.91
93,Luderitz,NA,2021-08-08 23:50:31,-26.6481,15.1594,broken clouds,54.27,86,70,7.27
94,Ketchikan,US,2021-08-08 23:53:13,55.3422,-131.6461,broken clouds,64.8,69,68,4.65
95,Nabire,ID,2021-08-08 23:59:43,-3.3667,135.4833,overcast clouds,78.51,88,98,0.87
96,Kiama,AU,2021-08-08 23:55:56,-34.6833,150.8667,overcast clouds,57.0,80,99,10.6
97,Tiksi,RU,2021-08-08 23:57:49,71.6872,128.8694,broken clouds,51.08,71,62,4.29
98,Ola,RU,2021-08-08 23:58:36,59.5833,151.2833,scattered clouds,62.65,59,28,4.88
99,Bethel,US,2021-08-08 23:59:43,41.3712,-73.414,overcast clouds,76.08,81,93,3.8
100,Butaritari,KI,2021-08-08 23:55:13,3.0707,172.7902,scattered clouds,83.75,60,46,11.32
101,Bangsund,NO,2021-08-08 23:59:44,64.3968,11.3949,broken clouds,54.57,93,72,4.18
102,Upernavik,GL,2021-08-08 23:59:41,72.7868,-56.1549,overcast clouds,41.16,85,99,3.51
103,Bandarbeyla,SO,2021-08-08 23:52:59,9.4942,50.8122,broken clouds,76.55,82,65,26.55
104,Barrow,US,2021-08-08 23:58:21,71.2906,-156.7887,overcast clouds,39.22,86,90,10.36
105,Hobart,AU,2021-08-08 23:59:39,-42.8794,147.3294,scattered clouds,53.26,72,40,1.99
106,Santa Maria Da Boa Vista,BR,2021-08-08 23:59:45,-8.8078,-39.8256,clear sky,75.36,40,5,20.4
107,Thompson,CA,2021-08-08 23:57:20,55.7435,-97.8558,broken clouds,69.96,68,75,8.05
108,Port-Cartier,CA,2021-08-08 23:59:45,50.0334,-66.8654,clear sky,60.91,67,2,4.25
109,Ostrovnoy,RU,2021-08-08 23:50:09,68.0531,39.5131,clear sky,49.24,79,0,8.19
110,Beloha,MG,2021-08-08 23:59:45,-25.1667,45.05,clear sky,60.13,92,0,5.59
111,Saint George,US,2021-08-08 23:50:00,37.1041,-113.5841,clear sky,104.47,9,1,5.01
112,Norman Wells,CA,2021-08-08 23:49:50,65.282,-126.8329,broken clouds,57.24,58,75,11.5
113,Port Alfred,ZA,2021-08-08 23:55:51,-33.5906,26.891,scattered clouds,59.0,84,47,13.4
114,Provideniya,RU,2021-08-08 23:48:55,64.3833,-173.3,scattered clouds,51.91,66,40,15.66
115,Iqaluit,CA,2021-08-08 23:50:42,63.7506,-68.5145,light rain,42.53,93,90,9.22
116,Ribeira Grande,PT,2021-08-08 23:59:45,38.5167,-28.7,broken clouds,72.86,87,53,16.15
117,Puerto Ayora,EC,2021-08-08 23:59:46,-0.7393,-90.3518,scattered clouds,70.56,88,43,5.99
118,Basco,PH,2021-08-08 23:50:56,20.4487,121.9702,overcast clouds,83.93,82,100,15.7
119,Dikson,RU,2021-08-08 23:59:46,73.5069,80.5464,clear sky,41.59,98,2,7.85
120,Mareeba,AU,2021-08-08 23:59:47,-17.0,145.4333,scattered clouds,73.44,70,41,7.85
121,Jamame,SO,2021-08-08 23:59:47,0.0722,42.7506,broken clouds,74.68,84,73,14.7
122,Chokurdakh,RU,2021-08-08 23:50:55,70.6333,147.9167,broken clouds,67.84,40,64,14.85
123,Avarua,CK,2021-08-08 23:59:47,-21.2078,-159.775,few clouds,78.85,69,20,12.66
124,Sokoni,TZ,2021-08-08 23:52:13,-6.4333,39.55,clear sky,68.29,76,5,13.96
125,Songjianghe,CN,2021-08-08 23:59:48,42.1859,127.479,clear sky,72.39,55,0,2.57
126,Qaanaaq,GL,2021-08-08 23:59:48,77.484,-69.3632,few clouds,39.51,72,18,4.21
127,Bubaque,GW,2021-08-08 23:58:08,11.2833,-15.8333,moderate rain,76.87,88,100,8.19
128,Palestina,PS,2021-08-08 23:59:49,31.9216,35.2033,clear sky,71.94,61,0,4.36
129,Mahebourg,MU,2021-08-08 23:57:41,-20.4081,57.7,light rain,68.29,94,75,3.44
130,Kodiak,US,2021-08-08 23:56:44,57.79,-152.4072,broken clouds,59.56,59,59,11.07
131,Zhangye,CN,2021-08-08 23:59:49,38.9342,100.4517,clear sky,72.63,33,0,6.33
132,Barranca,PE,2021-08-08 23:59:49,-10.75,-77.7667,scattered clouds,62.29,81,45,11.36
133,Trairi,BR,2021-08-08 23:56:46,-3.2778,-39.2689,clear sky,79.18,76,8,13.85
134,Aksay,RU,2021-08-08 23:59:50,47.26,39.87,overcast clouds,74.14,65,98,4.59
135,Batticaloa,LK,2021-08-08 23:59:50,7.7102,81.6924,overcast clouds,78.6,81,100,3.53
136,Hofn,IS,2021-08-08 23:50:15,64.2539,-15.2082,few clouds,55.89,75,13,2.48
137,La Palma,US,2021-08-08 23:57:42,33.8464,-118.0467,clear sky,104.04,61,1,8.99
138,Wonthaggi,AU,2021-08-08 23:59:51,-38.6044,145.5913,overcast clouds,52.72,68,91,5.68
139,Khanpur,PK,2021-08-08 23:59:51,28.6453,70.6567,clear sky,89.26,49,0,15.82
140,Broken Hill,AU,2021-08-08 23:58:44,-31.95,141.4333,clear sky,49.71,62,0,8.05
141,Vrangel,RU,2021-08-08 23:59:51,42.7297,133.0839,overcast clouds,68.4,79,100,8.86
142,Axim,GH,2021-08-08 23:58:08,4.8699,-2.2405,broken clouds,75.99,88,74,10.71
143,Constitucion,CL,2021-08-08 23:57:55,-35.3333,-72.4167,overcast clouds,48.25,72,100,2.62
144,Fort Nelson,CA,2021-08-08 23:59:52,58.8053,-122.7002,broken clouds,72.99,56,75,5.75
145,Kununurra,AU,2021-08-08 23:59:52,-15.7667,128.7333,clear sky,71.58,30,1,5.75
146,Mersing,MY,2021-08-08 23:59:53,2.4312,103.8405,overcast clouds,73.31,94,95,6.91
147,Hamilton,US,2021-08-08 23:56:17,39.1834,-84.5333,few clouds,86.56,62,24,3.0
148,Husavik,IS,2021-08-08 23:59:53,66.0449,-17.3389,scattered clouds,49.91,85,47,0.56
149,Taoudenni,ML,2021-08-08 23:59:53,22.6783,-3.9836,clear sky,100.63,10,9,14.41
150,Bure,ET,2021-08-08 23:59:54,10.7,37.0667,broken clouds,52.86,97,75,3.0
151,Enshi,CN,2021-08-08 23:59:54,30.3,109.4833,light rain,74.64,99,100,0.96
152,Terney,RU,2021-08-08 23:59:54,45.0503,136.6092,overcast clouds,65.35,69,100,14.83
153,Tonantins,BR,2021-08-08 23:58:50,-2.8731,-67.8022,overcast clouds,75.69,84,98,2.86
154,Astana,KZ,2021-08-08 23:55:13,51.1801,71.446,clear sky,58.95,72,0,6.71
155,Aklavik,CA,2021-08-08 23:59:55,68.2191,-135.0107,few clouds,57.92,41,11,4.12
156,Okha,RU,2021-08-08 23:50:38,53.5739,142.9478,clear sky,60.49,57,8,2.64
157,Santa Rosa,PH,2021-08-08 23:59:55,14.3122,121.1114,overcast clouds,85.08,75,93,6.69
158,Trofors,NO,2021-08-08 23:59:55,65.5333,13.4063,overcast clouds,61.95,93,100,3.49
159,Bonavista,CA,2021-08-08 23:49:45,48.6499,-53.1147,broken clouds,56.12,76,76,16.4
160,Kailua,US,2021-08-08 23:57:44,21.4022,-157.7394,few clouds,85.06,66,20,15.12
161,Puerto Gaitan,CO,2021-08-08 23:59:56,4.3133,-72.0816,scattered clouds,80.44,75,50,1.61
162,Cabo San Lucas,MX,2021-08-08 23:57:01,22.8909,-109.9124,overcast clouds,92.05,69,91,1.01
163,Tlaxco,MX,2021-08-08 23:59:57,19.6167,-98.1167,overcast clouds,58.12,87,93,6.6
164,Nanortalik,GL,2021-08-08 23:58:55,60.1432,-45.2371,scattered clouds,42.93,92,36,12.5
165,Tura,IN,2021-08-08 23:59:57,25.5198,90.2201,overcast clouds,75.0,98,97,5.73
166,Teya,RU,2021-08-08 23:58:15,60.3778,92.6267,broken clouds,61.23,70,52,2.42
167,Los Llanos De Aridane,ES,2021-08-08 23:59:01,28.6585,-17.9182,overcast clouds,67.75,94,90,9.22
168,Tamayo,DO,2021-08-08 23:59:58,18.3947,-71.2029,scattered clouds,82.11,74,40,16.11
169,Ucluelet,CA,2021-08-08 23:56:32,48.9329,-125.5528,few clouds,80.04,71,14,4.88
170,Cidreira,BR,2021-08-08 23:50:29,-30.1811,-50.2056,clear sky,60.22,91,1,10.69
171,Yilan,TW,2021-08-08 23:59:58,24.757,121.753,broken clouds,87.08,79,79,1.03
172,New Norfolk,AU,2021-08-08 23:57:23,-42.7826,147.0587,scattered clouds,52.92,79,40,1.01
173,Sechura,PE,2021-08-08 23:59:59,-5.5569,-80.8222,clear sky,66.74,69,5,17.31
174,Mackay,AU,2021-08-08 23:59:59,-21.15,149.2,scattered clouds,73.04,68,33,13.8
175,Longkou,CN,2021-08-08 23:59:59,37.6508,120.3286,light rain,77.88,65,100,1.28
176,Narsaq,GL,2021-08-08 23:59:59,60.9167,-46.05,clear sky,43.2,78,10,5.39
177,Coquimbo,CL,2021-08-09 00:00:00,-29.9533,-71.3436,few clouds,55.13,82,20,6.91
178,Fujin,CN,2021-08-09 00:00:00,47.26,132.0322,overcast clouds,57.27,81,100,10.67
179,Isangel,VU,2021-08-08 23:49:25,-19.55,169.2667,broken clouds,75.31,64,75,11.5
180,Nikolskoye,RU,2021-08-08 23:57:42,59.7035,30.7861,overcast clouds,63.01,97,99,4.92
181,Inuvik,CA,2021-08-09 00:00:01,68.3499,-133.7218,scattered clouds,58.75,40,45,2.77
182,Torbay,CA,2021-08-09 00:00:01,47.6666,-52.7314,light intensity shower rain,55.27,92,90,14.97
183,Port Elizabeth,ZA,2021-08-08 23:58:27,-33.918,25.5701,clear sky,57.49,82,0,8.05
184,Airai,TL,2021-08-09 00:00:03,-8.9266,125.4092,few clouds,65.44,62,22,3.0
185,Nome,US,2021-08-08 23:50:38,64.5011,-165.4064,overcast clouds,59.07,68,90,19.57
186,Half Moon Bay,US,2021-08-08 23:50:20,37.4636,-122.4286,few clouds,92.75,71,20,1.01
187,Mindszent,HU,2021-08-09 00:00:06,46.5236,20.1904,moderate rain,71.96,70,100,5.1
188,Valley City,US,2021-08-09 00:00:07,46.9233,-98.0032,clear sky,88.54,54,1,9.22
189,Ulagan,RU,2021-08-09 00:00:08,50.6321,87.9563,scattered clouds,55.09,78,25,1.81
190,Boali,CF,2021-08-09 00:00:09,4.8005,18.1275,light rain,68.72,97,62,2.15
191,Cap Malheureux,MU,2021-08-08 23:57:53,-19.9842,57.6142,light rain,68.49,90,90,3.0
192,Olinda,BR,2021-08-08 23:59:05,-8.0089,-34.8553,broken clouds,74.93,88,75,9.22
193,Tocache,PE,2021-08-09 00:00:10,-8.1842,-76.5125,scattered clouds,77.27,63,35,1.61
194,Playas,EC,2021-08-09 00:00:11,-2.6333,-80.3833,scattered clouds,70.61,86,33,12.57
195,Codrington,AU,2021-08-08 23:55:20,-38.2667,141.9667,overcast clouds,52.68,72,98,13.65
196,Mumford,GH,2021-08-09 00:00:12,5.2618,-0.759,broken clouds,74.68,92,72,10.29
197,Ancud,CL,2021-08-09 00:00:12,-41.8697,-73.8203,few clouds,43.43,85,13,4.32
198,Bull Savanna,JM,2021-08-09 00:00:13,17.8868,-77.5902,light rain,79.03,76,21,1.39
199,Paciran,ID,2021-08-09 00:00:14,-6.8767,112.3761,scattered clouds,79.68,83,33,8.43
200,Palembang,ID,2021-08-09 00:00:15,-2.9167,104.7458,haze,77.09,94,20,3.44
201,Gamba,GA,2021-08-09 00:00:15,-2.65,10.0,scattered clouds,71.26,88,49,5.5
202,Guerrero Negro,MX,2021-08-08 23:58:58,27.9769,-114.0611,clear sky,76.71,65,4,16.06
203,Talnakh,RU,2021-08-09 00:00:16,69.4865,88.3972,clear sky,62.76,58,1,3.13
204,Fortuna,US,2021-08-09 00:00:16,40.5982,-124.1573,few clouds,87.19,66,20,4.0
205,Madera,US,2021-08-08 23:58:53,37.1666,-119.8343,clear sky,101.77,9,0,5.19
206,Camocim,BR,2021-08-08 23:58:45,-2.9022,-40.8411,few clouds,79.47,73,16,18.3
207,Kadoma,JP,2021-08-09 00:00:17,34.7333,135.5833,overcast clouds,80.58,74,100,17.78
208,Aswan,EG,2021-08-09 00:00:17,24.0934,32.907,clear sky,91.44,22,1,3.51
209,Skodje,NO,2021-08-09 00:00:18,62.5021,6.7034,broken clouds,59.22,86,52,2.84
210,Elizabeth City,US,2021-08-09 00:00:19,36.2946,-76.2511,few clouds,81.01,85,22,5.55
211,Kampene,CD,2021-08-09 00:00:19,-3.6,26.6667,light rain,67.91,85,67,1.97
212,Prata,BR,2021-08-08 23:57:18,-19.3072,-48.9242,clear sky,67.41,39,4,4.83
213,Suez,EG,2021-08-09 00:00:19,29.9737,32.5263,clear sky,78.33,74,0,7.36
214,Sola,VU,2021-08-08 23:55:40,-13.8833,167.55,light rain,75.87,88,90,0.0
215,Arlit,NE,2021-08-08 23:57:18,18.7369,7.3853,overcast clouds,96.26,26,93,6.46
216,Marawi,PH,2021-08-09 00:00:22,7.9986,124.2928,light rain,67.64,92,100,1.95
217,Yar-Sale,RU,2021-08-08 23:52:47,66.8333,70.8333,overcast clouds,52.18,64,100,15.39
218,Iracoubo,GF,2021-08-09 00:00:23,5.4802,-53.2011,light rain,78.46,86,85,11.23
219,Padang,ID,2021-08-09 00:00:24,-0.9492,100.3543,broken clouds,78.17,85,82,3.76
220,Puerto Del Rosario,ES,2021-08-09 00:00:24,28.5004,-13.8627,clear sky,71.35,73,1,14.97
221,Dingle,PH,2021-08-08 23:58:36,10.9995,122.6711,moderate rain,77.41,90,100,0.6
222,Pontes E Lacerda,BR,2021-08-09 00:00:25,-15.2261,-59.3353,clear sky,77.81,38,8,3.36
223,Kaeo,NZ,2021-08-08 23:59:00,-35.1,173.7833,light rain,45.32,93,80,13.56
224,Nadym,RU,2021-08-08 23:57:55,65.5333,72.5167,clear sky,53.08,73,6,17.43
225,Sherlovaya Gora,RU,2021-08-09 00:00:26,50.5667,116.25,overcast clouds,62.02,83,100,3.15
226,Benjamin Aceval,PY,2021-08-09 00:00:27,-24.9667,-57.5667,scattered clouds,76.89,35,48,8.3
227,Ashland,US,2021-08-09 00:00:28,40.8167,-82.2665,few clouds,82.31,78,22,4.76
228,Killybegs,IE,2021-08-08 23:51:04,54.6333,-8.45,overcast clouds,55.45,94,100,13.73
229,Pangkalanbuun,ID,2021-08-09 00:00:29,-2.6833,111.6167,overcast clouds,76.41,96,95,2.53
230,Gorzow Wielkopolski,PL,2021-08-09 00:00:29,52.7368,15.2288,scattered clouds,62.58,65,45,7.83
231,Pergamino,AR,2021-08-09 00:00:30,-33.89,-60.5736,light rain,45.52,92,100,16.2
232,Katobu,ID,2021-08-09 00:00:31,-4.9408,122.5276,broken clouds,78.82,77,82,4.5
233,Labuan,MY,2021-08-08 23:52:51,5.2767,115.2417,few clouds,80.96,83,20,0.0
234,Tessalit,ML,2021-08-09 00:00:31,20.1986,1.0114,overcast clouds,91.18,35,98,8.23
235,Benghazi,LY,2021-08-09 00:00:27,32.1167,20.0667,clear sky,81.0,61,0,18.01
236,Bambous Virieux,MU,2021-08-08 23:58:33,-20.3428,57.7575,light rain,68.25,94,75,3.44
237,Abu Samrah,SY,2021-08-09 00:00:32,35.3029,37.1841,clear sky,76.21,63,0,12.57
238,Lehigh Acres,US,2021-08-08 23:56:00,26.6254,-81.6248,overcast clouds,84.94,88,90,10.36
239,Jutai,BR,2021-08-09 00:00:33,-5.1833,-68.9,overcast clouds,80.56,58,87,1.68
240,Salalah,OM,2021-08-08 23:52:35,17.0151,54.0924,overcast clouds,76.12,91,91,6.11
241,Bacabal,BR,2021-08-09 00:00:33,-4.2917,-44.7917,clear sky,80.83,41,1,3.6
242,Cherskiy,RU,2021-08-09 00:00:34,68.75,161.3,scattered clouds,61.86,31,40,3.06
243,Turangi,NZ,2021-08-09 00:00:35,-39.0,175.9333,light rain,43.43,59,100,10.2
244,Gohad,IN,2021-08-09 00:00:35,26.4261,78.4447,light rain,81.43,86,100,3.36
245,Freeport,US,2021-08-09 00:00:26,40.6576,-73.5832,mist,72.77,94,90,12.66
246,Andenes,NO,2021-08-09 00:00:36,69.3143,16.1194,overcast clouds,58.98,82,90,14.97
247,Zyryanka,RU,2021-08-09 00:00:37,65.75,150.85,clear sky,68.38,48,9,11.34
248,Hadrut,AZ,2021-08-09 00:00:37,39.52,47.0318,scattered clouds,80.19,40,30,3.87
249,Pisco,PE,2021-08-09 00:00:38,-13.7,-76.2167,clear sky,61.02,85,0,3.8
250,Pinawa,CA,2021-08-08 23:51:21,50.1489,-95.8811,scattered clouds,89.29,33,30,10.09
251,Maragogi,BR,2021-08-09 00:00:39,-9.0122,-35.2225,broken clouds,73.02,87,68,7.81
252,Joao Pinheiro,BR,2021-08-09 00:00:39,-17.7425,-46.1725,clear sky,65.75,43,0,4.12
253,Belaya Gora,RU,2021-08-09 00:00:40,68.5333,146.4167,overcast clouds,70.81,34,88,7.58
254,Gualaquiza,EC,2021-08-09 00:00:41,-3.4,-78.55,broken clouds,65.07,88,65,1.39
255,San Juan,AR,2021-08-08 23:58:46,-31.5375,-68.5364,few clouds,45.7,74,19,20.27
256,Hualmay,PE,2021-08-08 23:50:44,-11.0964,-77.6139,scattered clouds,62.47,82,40,13.06
257,Sakakah,SA,2021-08-09 00:00:41,29.9697,40.2064,clear sky,86.02,22,0,8.16
258,Anadyr,RU,2021-08-09 00:00:42,64.75,177.4833,scattered clouds,57.7,58,40,13.42
259,Vanderhoof,CA,2021-08-09 00:00:42,54.0166,-124.0198,clear sky,79.05,33,3,5.91
260,Tromso,NO,2021-08-08 23:59:15,69.6496,18.957,broken clouds,63.25,82,75,2.3
261,Hithadhoo,MV,2021-08-09 00:00:43,-0.6,73.0833,light rain,79.95,76,98,4.59
262,Iisalmi,FI,2021-08-08 23:59:07,63.5592,27.1907,overcast clouds,62.62,96,100,6.73
263,Hassleholm,SE,2021-08-09 00:00:44,56.1591,13.7664,broken clouds,60.35,99,73,5.86
264,Carbondale,US,2021-08-09 00:00:45,37.7273,-89.2168,very heavy rain,84.49,71,40,19.57
265,Kaitangata,NZ,2021-08-08 23:58:42,-46.2817,169.8464,overcast clouds,43.09,75,90,10.42
266,Huangchuan,CN,2021-08-09 00:00:45,32.1272,115.0394,moderate rain,72.55,93,100,10.54
267,Labuhan,ID,2021-08-08 23:56:52,-6.8844,112.2051,scattered clouds,78.67,84,40,7.7
268,Teknaf,BD,2021-08-09 00:00:46,20.8624,92.3058,overcast clouds,79.48,88,99,2.62
269,Portland,US,2021-08-08 23:57:32,45.5234,-122.6762,scattered clouds,80.71,44,38,1.99
270,La Primavera,CO,2021-08-09 00:00:47,5.4906,-70.4092,scattered clouds,77.77,84,25,4.65
271,Bere,TD,2021-08-09 00:00:47,9.3202,16.1552,overcast clouds,71.8,94,91,3.31
272,Corner Brook,CA,2021-08-08 23:59:06,48.9667,-57.9484,broken clouds,64.53,94,51,2.55
273,Chato,TZ,2021-08-09 00:00:48,-2.6378,31.7669,broken clouds,69.39,65,55,2.39
274,East London,ZA,2021-08-08 23:57:04,-33.0153,27.9116,scattered clouds,62.91,75,32,15.79
275,Sao Joao Da Barra,BR,2021-08-08 23:55:59,-21.6403,-41.0511,few clouds,69.28,81,20,13.09
276,Jacqueville,CI,2021-08-09 00:00:49,5.2052,-4.4146,light rain,76.91,90,72,13.91
277,Jumla,NP,2021-08-08 23:57:45,29.2747,82.1838,overcast clouds,63.19,94,100,2.01
278,Tabriz,IR,2021-08-08 23:57:45,38.08,46.2919,clear sky,78.26,34,0,4.61
279,Vardo,NO,2021-08-08 23:51:37,70.3705,31.1107,clear sky,55.0,78,6,6.98
280,Tecoanapa,MX,2021-08-09 00:00:50,16.5167,-98.75,moderate rain,81.99,83,30,6.71
281,Gorin,RU,2021-08-09 00:00:50,51.1983,136.6669,light rain,51.57,97,100,3.29
282,Hervey Bay,AU,2021-08-08 23:51:12,-25.2986,152.8535,broken clouds,64.51,72,84,12.91
283,Mitsamiouli,KM,2021-08-09 00:00:51,-11.3847,43.2844,clear sky,76.14,64,6,6.02
284,San Patricio,US,2021-08-09 00:00:52,28.017,-97.5169,scattered clouds,91.49,61,31,18.16
285,Homer,US,2021-08-09 00:00:17,59.6425,-151.5483,light rain,57.09,85,90,9.22
286,Neyshabur,IR,2021-08-09 00:00:52,36.2133,58.7958,clear sky,77.25,21,0,4.68
287,Rio Gallegos,AR,2021-08-09 00:00:53,-51.6226,-69.2181,broken clouds,38.41,73,78,11.43
288,Tahoua,NE,2021-08-09 00:00:53,14.8888,5.2692,scattered clouds,84.81,59,50,13.09
289,Maltahohe,NA,2021-08-09 00:00:54,-24.8333,16.9833,scattered clouds,53.89,36,48,9.31
290,Madison,US,2021-08-08 23:59:22,34.7334,-86.5667,clear sky,85.68,72,1,1.01
291,Esmeraldas,BR,2021-08-09 00:00:55,-19.7625,-44.3139,overcast clouds,64.13,63,93,8.81
292,Mahibadhoo,MV,2021-08-09 00:00:56,3.7833,72.9667,overcast clouds,82.92,73,100,14.07
293,Matara,LK,2021-08-08 23:58:25,5.9485,80.5353,overcast clouds,76.41,91,95,8.7
294,Stanger,ZA,2021-08-09 00:00:57,-29.3282,31.2895,clear sky,64.99,26,0,5.99
295,Glace Bay,CA,2021-08-09 00:00:58,46.1969,-59.957,scattered clouds,62.38,88,35,4.0
296,Yantzaza,EC,2021-08-09 00:00:58,-3.8278,-78.7594,broken clouds,70.93,81,65,1.03
297,Flinders,AU,2021-08-09 00:00:59,-34.5833,150.8552,overcast clouds,58.21,85,100,3.0
298,Moscow,RU,2021-08-08 23:57:47,55.7522,37.6156,clear sky,65.14,80,1,2.37
299,Leningradskiy,RU,2021-08-09 00:00:59,69.3833,178.4167,scattered clouds,40.55,75,28,18.16
300,Ponta Delgada,PT,2021-08-09 00:01:00,37.7333,-25.6667,broken clouds,70.52,88,75,11.5
301,Rancho Cucamonga,US,2021-08-08 23:58:42,34.1064,-117.5931,clear sky,102.58,28,1,10.0
302,Alyangula,AU,2021-08-08 23:57:02,-13.8483,136.4192,broken clouds,75.07,78,75,3.44
303,Hailey,US,2021-08-09 00:01:01,43.5196,-114.3153,clear sky,78.66,34,1,6.91
304,San Ramon,US,2021-08-08 23:58:18,37.7799,-121.978,clear sky,93.29,53,0,5.99
305,Salinopolis,BR,2021-08-09 00:01:02,-0.6136,-47.3561,few clouds,79.54,80,14,11.52
306,Lavrentiya,RU,2021-08-09 00:01:02,65.5833,-171.0,scattered clouds,48.51,67,42,14.99
307,Buala,SB,2021-08-09 00:01:02,-8.145,159.5921,light rain,83.44,69,33,3.8
308,Colares,PT,2021-08-08 23:59:09,38.7992,-9.4469,clear sky,64.44,75,0,17.78
309,Hasaki,JP,2021-08-09 00:01:03,35.7333,140.8333,broken clouds,88.2,80,70,24.47
310,Shushtar,IR,2021-08-09 00:01:04,32.0455,48.8567,clear sky,95.02,12,0,1.77
311,Port Hedland,AU,2021-08-08 23:57:06,-20.3167,118.5667,clear sky,59.05,55,6,5.75
312,Kedougou,SN,2021-08-09 00:01:04,12.5579,-12.1743,light rain,72.81,96,98,2.77
313,Bud,US,2021-08-09 00:01:04,39.447,-86.1758,broken clouds,82.8,70,77,5.37
314,Novi Troyany,UA,2021-08-09 00:01:05,45.9427,28.8563,clear sky,68.27,61,0,4.47
315,Viedma,AR,2021-08-08 23:51:40,-40.8135,-62.9967,broken clouds,42.24,66,78,5.59
316,Port Hueneme,US,2021-08-09 00:01:06,34.1478,-119.1951,clear sky,99.07,70,1,8.05
317,Itaperucu,BR,2021-08-09 00:01:06,-25.22,-49.3478,broken clouds,55.8,74,78,2.46
318,Kruisfontein,ZA,2021-08-09 00:01:06,-34.0033,24.7314,overcast clouds,50.88,86,100,7.45
319,Ningxiang,CN,2021-08-09 00:01:07,37.34,111.2052,few clouds,70.5,61,17,1.21
320,Ranong,TH,2021-08-09 00:01:07,9.9658,98.6348,broken clouds,79.97,88,81,7.02
321,Nelson Bay,AU,2021-08-09 00:01:08,-32.7167,152.15,overcast clouds,61.95,71,100,1.01
322,Bria,CF,2021-08-09 00:01:08,6.5423,21.9863,overcast clouds,66.11,93,92,4.18
323,Dunedin,NZ,2021-08-09 00:01:05,-45.8742,170.5036,broken clouds,43.81,68,82,5.01
324,Dabakala,CI,2021-08-09 00:01:09,8.3667,-4.4333,overcast clouds,72.66,93,97,4.56
325,Kemijarvi,FI,2021-08-09 00:01:09,66.7131,27.4306,overcast clouds,55.62,80,100,10.09
326,Paita,PE,2021-08-08 23:58:22,-5.0892,-81.1144,clear sky,66.52,74,8,17.98
327,Ambilobe,MG,2021-08-08 23:59:17,-13.2,49.05,overcast clouds,69.19,86,96,1.54
328,Nemuro,JP,2021-08-09 00:01:10,43.3236,145.575,overcast clouds,57.63,88,100,25.3
329,Conceicao Do Araguaia,BR,2021-08-09 00:01:10,-8.2578,-49.2647,clear sky,78.8,35,1,4.85
330,Cayenne,GF,2021-08-08 23:56:18,4.9333,-52.3333,clear sky,82.09,83,0,5.01
331,Formosa,AR,2021-08-09 00:01:11,-26.1775,-58.1781,broken clouds,78.82,33,55,5.75
332,Yulara,AU,2021-08-08 23:58:21,-25.2406,130.9889,clear sky,48.04,43,0,5.75
333,Puro,PH,2021-08-09 00:01:11,12.4841,123.3827,overcast clouds,81.45,82,100,5.5
334,Koster,ZA,2021-08-09 00:01:13,-25.863,26.8976,clear sky,49.62,35,0,5.75
335,Caravelas,BR,2021-08-09 00:01:13,-17.7125,-39.2481,clear sky,68.13,84,0,5.75
336,Kuusamo,FI,2021-08-09 00:01:13,65.9667,29.1833,clear sky,55.44,82,0,6.91
337,Shitanjing,CN,2021-08-08 23:56:48,39.2342,106.3439,clear sky,75.25,36,0,9.01
338,Evensk,RU,2021-08-08 23:58:11,61.95,159.2333,scattered clouds,63.84,45,25,11.63
339,Bac Lieu,VN,2021-08-09 00:01:14,9.285,105.7244,broken clouds,81.91,80,60,10.94
340,Baringo,KE,2021-08-09 00:01:14,0.4667,35.9667,light rain,69.21,73,79,3.98
341,Bathsheba,BB,2021-08-08 23:57:15,13.2167,-59.5167,scattered clouds,83.01,74,40,18.41
342,Puerto Escondido,MX,2021-08-08 23:51:29,15.85,-97.0667,broken clouds,81.46,82,77,7.05
343,Leo,BF,2021-08-09 00:01:14,11.1,-2.1,light rain,72.3,93,77,6.58
344,Shirokiy,RU,2021-08-09 00:01:15,49.758,129.523,overcast clouds,57.36,79,100,9.13
345,Kos,GR,2021-08-08 23:56:40,36.8933,27.2889,clear sky,78.71,63,0,9.95
346,Russell,US,2021-08-08 23:52:29,32.3502,-85.1999,clear sky,90.68,69,1,0.0
347,Havoysund,NO,2021-08-08 23:58:32,70.9963,24.6622,broken clouds,65.28,71,53,11.25
348,Yakima,US,2021-08-09 00:01:16,46.4665,-120.6678,clear sky,77.63,37,3,13.91
349,Te Anau,NZ,2021-08-09 00:01:16,-45.4167,167.7167,broken clouds,38.3,85,70,2.84
350,Pavlodar,KZ,2021-08-09 00:01:16,52.3,76.95,mist,58.8,100,40,4.47
351,Kokopo,PG,2021-08-08 23:59:42,-4.352,152.2633,broken clouds,82.85,66,60,4.52
352,Akureyri,IS,2021-08-09 00:01:16,65.6835,-18.0878,overcast clouds,59.5,82,97,1.83
353,Dinghai,CN,2021-08-09 00:01:17,26.2847,119.7936,light rain,79.79,88,38,2.33
354,Moree,AU,2021-08-08 23:52:08,-29.4667,149.85,broken clouds,59.02,67,67,10.36
355,Gaogou,CN,2021-08-09 00:01:17,34.0175,119.1886,light rain,79.16,82,100,0.47
356,Chegutu,ZW,2021-08-09 00:01:18,-18.1302,30.1407,clear sky,54.84,42,0,5.17
357,Beringovskiy,RU,2021-08-08 23:53:14,63.05,179.3167,overcast clouds,43.95,83,100,19.66
358,Hay River,CA,2021-08-08 23:51:19,60.8156,-115.7999,broken clouds,51.78,66,75,1.14
359,Hit,IQ,2021-08-09 00:01:18,33.6416,42.8251,clear sky,90.21,23,0,10.13
360,Cedar City,US,2021-08-08 23:59:25,37.6775,-113.0619,clear sky,88.39,7,0,14.97
361,Harbour Breton,CA,2021-08-09 00:01:18,47.4833,-55.7983,overcast clouds,59.45,82,91,14.79
362,Marsh Harbour,BS,2021-08-09 00:01:19,26.5412,-77.0636,few clouds,83.66,71,15,9.55
363,Yerbogachen,RU,2021-08-09 00:01:19,61.2767,108.0108,clear sky,60.28,48,2,3.36
364,Faya,SA,2021-08-09 00:01:19,18.3851,42.4509,broken clouds,71.56,41,58,4.43
365,Bethanien,NA,2021-08-09 00:01:20,-26.502,17.1583,few clouds,52.29,43,20,8.03
366,Laramie,US,2021-08-09 00:01:20,41.3114,-105.5911,few clouds,84.79,15,16,11.59
367,Karmala,IN,2021-08-09 00:01:21,18.4167,75.2,overcast clouds,75.54,82,95,10.33
368,San Carlos,VE,2021-08-09 00:01:21,9.6612,-68.5827,broken clouds,74.89,91,61,1.14
369,Puerto Baquerizo Moreno,EC,2021-08-09 00:01:22,-0.9,-89.6,scattered clouds,69.76,80,29,14.99
370,Mogadishu,SO,2021-08-08 23:58:07,2.0371,45.3438,light rain,76.33,87,92,18.7
371,Henties Bay,NA,2021-08-09 00:00:51,-22.116,14.2845,scattered clouds,51.85,93,47,6.4
372,Myitkyina,MM,2021-08-09 00:01:22,25.3833,97.4,moderate rain,75.27,99,100,0.92
373,Agadez,NE,2021-08-08 23:58:54,19.75,10.25,overcast clouds,89.98,29,85,6.78
374,Itarema,BR,2021-08-09 00:01:23,-2.9248,-39.9167,few clouds,79.38,78,20,18.37
375,San Pedro,PH,2021-08-09 00:01:23,14.35,121.0167,overcast clouds,84.31,78,94,7.16
376,Vasvar,HU,2021-08-09 00:01:23,47.0493,16.7995,overcast clouds,67.01,86,100,16.84
377,Kargat,RU,2021-08-09 00:01:24,55.1956,80.2811,light rain,60.94,97,100,6.42
378,Teofilo Otoni,BR,2021-08-08 23:58:56,-17.8575,-41.5053,overcast clouds,65.3,75,100,4.0
379,Cabedelo,BR,2021-08-08 23:52:59,-6.9811,-34.8339,scattered clouds,75.87,85,42,12.03
380,Athabasca,CA,2021-08-08 23:58:52,54.7169,-113.2854,broken clouds,64.81,45,73,6.71
381,Pangody,RU,2021-08-09 00:01:24,65.85,74.4859,clear sky,54.14,82,5,14.7
382,Pangnirtung,CA,2021-08-09 00:01:25,66.1451,-65.7125,light rain,43.66,78,100,4.54
383,Waingapu,ID,2021-08-09 00:01:25,-9.6567,120.2641,broken clouds,78.49,63,68,10.94
384,Tuatapere,NZ,2021-08-09 00:01:25,-46.1333,167.6833,overcast clouds,39.81,94,98,5.06
385,Yamada,JP,2021-08-09 00:01:26,39.4667,141.95,overcast clouds,76.21,98,100,8.03
386,Magadan,RU,2021-08-09 00:01:26,59.5667,150.8,clear sky,61.99,58,8,7.43
387,Yerofey Pavlovich,RU,2021-08-09 00:01:26,53.9667,121.9667,light rain,50.04,98,100,11.52
388,Kailahun,SL,2021-08-09 00:01:26,8.2833,-10.5667,light rain,70.25,100,100,2.13
389,Wadi Maliz,TN,2021-08-09 00:01:27,36.4681,8.5495,clear sky,84.83,48,7,0.92
390,Palmer,US,2021-08-08 23:57:14,42.1584,-72.3287,broken clouds,76.42,77,81,2.91
391,Westport,US,2021-08-08 23:51:16,41.1415,-73.3579,moderate rain,76.32,88,90,12.66
392,Garissa,KE,2021-08-09 00:01:27,-0.4536,39.6401,broken clouds,72.12,77,57,14.29
393,Lorengau,PG,2021-08-08 23:58:36,-2.0226,147.2712,broken clouds,83.61,73,64,9.1
394,Tokur,RU,2021-08-09 00:01:28,53.1333,132.9,overcast clouds,46.49,89,100,2.35
395,Urucara,BR,2021-08-09 00:01:28,-2.5364,-57.76,overcast clouds,82.99,52,85,2.3
396,Socoltenango,MX,2021-08-09 00:01:28,16.2167,-92.25,overcast clouds,66.97,86,89,4.99
397,Laguna,US,2021-08-08 23:53:04,38.421,-121.4238,clear sky,102.31,35,1,4.0
398,Jalu,LY,2021-08-09 00:01:28,29.0331,21.5482,clear sky,84.09,40,0,9.28
399,Severnoye,RU,2021-08-08 23:55:20,56.3491,78.3619,broken clouds,58.86,95,61,6.26
400,San Quintin,MX,2021-08-09 00:01:29,30.4833,-115.95,few clouds,72.37,67,12,9.93
401,Champerico,GT,2021-08-09 00:01:29,14.3,-91.9167,overcast clouds,82.35,82,94,5.93
402,Naze,JP,2021-08-08 23:56:59,28.3667,129.4833,clear sky,83.32,79,5,12.37
403,Bakchar,RU,2021-08-09 00:01:30,57.0186,82.0711,broken clouds,58.8,94,84,3.53
404,Chapais,CA,2021-08-09 00:01:30,49.7834,-74.8492,overcast clouds,63.19,57,96,5.7
405,Hibbing,US,2021-08-09 00:01:30,47.4272,-92.9377,scattered clouds,74.7,83,40,6.91
406,Praia Da Vitoria,PT,2021-08-09 00:01:31,38.7333,-27.0667,few clouds,71.76,88,14,16.8
407,Izhma,RU,2021-08-08 23:58:01,65.0083,53.9113,broken clouds,46.18,89,82,3.22
408,Pryozerne,UA,2021-08-09 00:01:31,45.2698,36.3303,overcast clouds,72.27,77,97,9.6
409,Conde,BR,2021-08-09 00:01:32,-7.2597,-34.9075,scattered clouds,71.31,89,27,8.57
410,Gorodets,RU,2021-08-09 00:01:32,56.6514,43.475,light rain,73.08,64,100,5.99
411,Bongandanga,CD,2021-08-09 00:01:32,1.5,21.05,broken clouds,70.07,93,53,2.37
412,Hobyo,SO,2021-08-09 00:01:33,5.3505,48.5268,scattered clouds,76.3,86,47,22.77
413,Chimbote,PE,2021-08-09 00:01:33,-9.0853,-78.5783,few clouds,63.41,83,12,12.3
414,Makakilo City,US,2021-08-08 23:52:58,21.3469,-158.0858,overcast clouds,82.72,59,90,6.91
415,Atocha,BO,2021-08-09 00:01:33,-20.9333,-66.2333,clear sky,44.92,24,1,12.03
416,Okhotsk,RU,2021-08-08 23:52:50,59.3833,143.3,scattered clouds,64.76,68,33,10.36
417,Novopokrovka,UA,2021-08-09 00:01:34,49.8425,36.5477,overcast clouds,70.18,59,96,4.47
418,Buraydah,SA,2021-08-08 23:53:03,26.326,43.975,overcast clouds,91.85,15,88,8.57
419,Kloulklubed,PW,2021-08-09 00:00:01,7.0419,134.2556,moderate rain,82.9,73,100,10.65
420,Launceston,AU,2021-08-08 23:55:34,-41.45,147.1667,overcast clouds,50.81,98,90,8.05
421,Mehamn,NO,2021-08-08 23:58:49,71.0357,27.8492,clear sky,58.08,66,10,7.94
422,Marsaxlokk,MT,2021-08-09 00:01:34,35.8419,14.5431,clear sky,81.21,83,0,8.05
423,Vikulovo,RU,2021-08-09 00:01:35,56.8167,70.6107,scattered clouds,60.6,96,40,7.18
424,Janauba,BR,2021-08-08 23:58:02,-15.8025,-43.3089,scattered clouds,69.01,60,50,13.02
425,Sao Lourenco Do Sul,BR,2021-08-09 00:01:35,-31.3653,-51.9783,scattered clouds,62.92,83,28,6.67
426,Mount Isa,AU,2021-08-08 23:52:06,-20.7333,139.5,clear sky,69.57,21,0,9.22
427,Xiaoyi,CN,2021-08-09 00:01:36,34.6178,109.703,clear sky,78.71,67,8,4.54
428,Anzio,IT,2021-08-09 00:01:36,41.4853,12.6179,broken clouds,79.86,99,79,9.04
429,Thinadhoo,MV,2021-08-09 00:01:36,0.5333,72.9333,overcast clouds,80.56,74,87,2.84
430,Kimbe,PG,2021-08-08 23:59:09,-5.5502,150.1429,light rain,84.06,66,73,2.59
431,Isla Vista,US,2021-08-09 00:01:37,34.4133,-119.861,scattered clouds,98.08,67,40,12.66
432,Balasheyka,RU,2021-08-09 00:01:37,53.2841,48.0851,overcast clouds,68.77,49,99,4.05
433,Thurles,IE,2021-08-09 00:01:37,52.6819,-7.8022,clear sky,54.18,97,4,5.57
434,Uray,RU,2021-08-09 00:01:38,60.1247,64.7758,light rain,59.92,94,91,8.9
435,Mabay,PH,2021-08-09 00:01:38,6.0577,124.4666,overcast clouds,80.37,72,100,0.78
436,Kharan,PK,2021-08-09 00:01:38,28.5833,65.4167,clear sky,83.75,13,0,4.27
437,Lagoa,PT,2021-08-09 00:01:39,39.05,-27.9833,clear sky,71.44,87,9,18.5
438,Touros,BR,2021-08-09 00:01:39,-5.1989,-35.4608,scattered clouds,75.65,83,35,14.7
439,Vila Velha,BR,2021-08-08 23:57:11,-20.3297,-40.2925,broken clouds,64.35,94,75,2.3
440,Makat,KZ,2021-08-09 00:01:39,47.6469,53.3463,scattered clouds,78.12,35,46,9.17
441,Kangaatsiaq,GL,2021-08-08 23:51:46,68.3065,-53.4641,overcast clouds,41.07,94,100,12.59
442,Acarau,BR,2021-08-09 00:01:39,-2.8856,-40.12,few clouds,79.39,78,17,19.35
443,Mega,ET,2021-08-09 00:01:40,4.05,38.3,broken clouds,61.07,64,83,13.35
444,Aden,YE,2021-08-09 00:00:05,12.7794,45.0367,broken clouds,82.62,85,67,13.71
445,Cape Canaveral,US,2021-08-08 23:59:51,28.4058,-80.6048,overcast clouds,82.98,90,100,7.52
446,Sao Felix Do Xingu,BR,2021-08-08 23:56:43,-6.6447,-51.995,scattered clouds,79.9,39,31,2.39
447,Belmonte,BR,2021-08-09 00:01:40,-15.8631,-38.8828,scattered clouds,70.14,84,45,10.07
448,Ambon,ID,2021-08-09 00:01:41,-3.6954,128.1814,light rain,77.14,100,40,3.44
449,Zaysan,KZ,2021-08-09 00:01:41,47.4667,84.8667,broken clouds,69.93,29,60,5.41
450,Loiza,PR,2021-08-09 00:01:41,18.4313,-65.8802,overcast clouds,82.87,85,91,13.13
451,Rorvik,NO,2021-08-09 00:01:41,64.8621,11.2373,broken clouds,57.15,86,83,9.89
452,Carmen,MX,2021-08-08 23:59:54,18.6333,-91.8333,few clouds,84.61,76,14,15.19
453,Visnes,NO,2021-08-09 00:01:42,59.3556,5.2242,scattered clouds,61.57,94,40,8.05
454,Porto Velho,BR,2021-08-09 00:01:42,-8.7619,-63.9039,clear sky,81.64,34,3,1.07
455,Nacala,MZ,2021-08-09 00:01:42,-14.5428,40.6728,clear sky,66.04,83,0,5.93
456,Kitgum,UG,2021-08-09 00:01:43,3.2783,32.8867,light rain,63.55,95,82,0.98
457,Nairobi,KE,2021-08-08 23:58:51,-1.2833,36.8167,light rain,62.96,72,75,4.61
458,Jabinyanah,TN,2021-08-09 00:01:43,35.035,10.9081,clear sky,80.89,86,0,6.13
459,Orlik,RU,2021-08-09 00:01:44,52.5178,99.825,overcast clouds,55.27,68,86,1.57
460,Trapani,IT,2021-08-09 00:01:44,37.8333,12.6667,scattered clouds,80.78,65,34,10.69
461,Malakal,SS,2021-08-08 23:58:51,9.5334,31.6605,overcast clouds,71.31,94,100,0.43
462,Rawson,AR,2021-08-08 23:58:58,-43.3002,-65.1023,clear sky,45.18,63,0,5.68
463,Shimoda,JP,2021-08-08 23:52:46,34.6667,138.95,broken clouds,82.76,94,71,22.7
464,Kyshtovka,RU,2021-08-09 00:01:45,56.555,76.6271,broken clouds,59.63,96,82,6.49
465,Khash,IR,2021-08-09 00:01:45,28.2211,61.2158,clear sky,77.41,15,2,2.86
466,Pinega,RU,2021-08-08 23:58:55,64.7001,43.3936,light rain,54.57,86,100,6.46
467,San Andres,CO,2021-08-09 00:01:45,12.5847,-81.7006,overcast clouds,81.64,81,100,17.11
468,Dongning,CN,2021-08-09 00:01:46,44.0622,131.1207,overcast clouds,67.66,72,100,3.4
469,Antsohihy,MG,2021-08-08 23:58:05,-14.8796,47.9875,clear sky,65.62,92,0,1.16
470,Pimentel,PE,2021-08-08 23:57:59,-6.8367,-79.9342,clear sky,66.49,80,0,5.01
471,Svetlogorsk,BY,2021-08-08 23:52:53,52.6333,29.7333,broken clouds,65.32,68,53,5.19
472,Gimli,CA,2021-08-09 00:01:46,50.6336,-96.9907,scattered clouds,94.42,22,29,18.41
473,Kyren,RU,2021-08-09 00:01:47,51.6828,102.1408,clear sky,59.38,72,2,0.36
474,Sovetskiy,RU,2021-08-09 00:01:47,61.3614,63.5842,overcast clouds,58.93,94,99,8.55
475,Santo Antonio Do Leverger,BR,2021-08-09 00:01:47,-15.8656,-56.0767,scattered clouds,80.94,29,39,2.59
476,Emmett,US,2021-08-09 00:01:48,43.8735,-116.4993,scattered clouds,87.17,24,36,4.0
477,Kon Tum,VN,2021-08-09 00:01:48,14.35,108.0,broken clouds,74.55,96,79,1.83
478,College,US,2021-08-08 23:59:11,64.8569,-147.8028,overcast clouds,66.58,75,90,6.91
479,Bourail,NC,2021-08-08 23:52:12,-21.5667,165.4833,scattered clouds,70.54,50,50,13.31
480,Broome,US,2021-08-09 00:01:49,42.2506,-75.833,scattered clouds,78.66,78,43,1.52
481,Smithers,CA,2021-08-09 00:01:49,54.7804,-127.1743,few clouds,77.14,39,19,8.21
482,Khilok,RU,2021-08-09 00:01:49,51.3674,110.4676,clear sky,57.99,72,9,4.05
483,Saldanha,ZA,2021-08-09 00:01:50,-33.0117,17.9442,light rain,55.45,81,100,20.51
484,Yatou,CN,2021-08-09 00:01:50,37.15,122.3833,broken clouds,79.0,69,65,5.57
485,Dakar,SN,2021-08-08 23:57:40,14.6937,-17.4441,thunderstorm,82.53,83,40,0.0
486,Rio Grande,BR,2021-08-08 23:59:18,-32.035,-52.0986,overcast clouds,61.21,84,95,8.55
487,Hokitika,NZ,2021-08-08 23:58:13,-42.7167,170.9667,clear sky,43.79,59,1,2.68
488,Bereda,ES,2021-08-09 00:01:50,43.2686,-7.5406,broken clouds,56.57,100,76,1.66
489,Anloga,GH,2021-08-08 23:57:09,5.7947,0.8973,overcast clouds,77.22,91,86,15.01
490,Yoichi,JP,2021-08-09 00:01:34,43.2039,140.7703,light rain,75.34,85,100,4.09
491,Kidal,ML,2021-08-09 00:01:51,18.4411,1.4078,scattered clouds,87.57,39,36,0.69
492,Vao,NC,2021-08-09 00:01:51,-22.6667,167.4833,scattered clouds,66.65,70,37,20.29
493,Klaksvik,FO,2021-08-08 23:59:58,62.2266,-6.589,overcast clouds,49.12,94,95,5.86
494,Krasnyy Chikoy,RU,2021-08-09 00:01:52,50.3643,108.7512,broken clouds,56.89,87,74,2.89
495,Sisimiut,GL,2021-08-08 23:52:02,66.9395,-53.6735,overcast clouds,43.18,79,92,4.7
496,Sinnamary,GF,2021-08-08 23:55:18,5.3833,-52.95,broken clouds,79.43,83,84,12.01
497,Kahta,TR,2021-08-09 00:01:52,37.7855,38.6237,clear sky,72.77,49,0,1.28
498,Grants Pass,US,2021-08-09 00:01:52,42.439,-123.3284,clear sky,91.18,26,1,4.0
499,Tucuman,AR,2021-08-09 00:01:53,-26.8241,-65.2226,few clouds,62.4,42,14,1.34
500,Khvalynsk,RU,2021-08-09 00:01:53,52.4906,48.1058,overcast clouds,70.48,52,85,4.76
501,Cukai,MY,2021-08-09 00:01:54,4.25,103.4167,few clouds,77.74,87,11,4.36
502,Vanavara,RU,2021-08-09 00:01:54,60.34,102.2797,overcast clouds,61.88,57,100,4.38
503,Haikou,CN,2021-08-09 00:01:55,20.0458,110.3417,overcast clouds,85.15,79,100,1.66
504,Gao,ML,2021-08-09 00:01:46,16.6362,1.637,scattered clouds,91.15,40,40,5.57
505,Zabrani,RO,2021-08-09 00:01:55,46.0667,21.55,scattered clouds,74.57,65,26,4.72
506,Csengele,HU,2021-08-09 00:01:55,46.5423,19.8636,overcast clouds,71.8,77,99,7.94
507,Roma,US,2021-08-09 00:01:54,43.2128,-75.4557,broken clouds,78.94,79,75,4.61
508,Maniitsoq,GL,2021-08-08 23:58:11,65.4167,-52.9,scattered clouds,42.06,81,45,1.36
509,Dryden,CA,2021-08-09 00:01:56,49.7833,-92.7503,scattered clouds,79.7,50,32,4.09
510,Eureka,US,2021-08-09 00:01:56,40.8021,-124.1637,scattered clouds,71.2,69,32,8.99
511,Bose,IT,2021-08-09 00:01:57,45.4612,8.0137,few clouds,65.79,70,18,6.71
512,Maceio,BR,2021-08-08 23:57:28,-9.6658,-35.7353,mist,72.84,94,75,6.91
513,Bilma,NE,2021-08-09 00:01:57,18.6853,12.9164,scattered clouds,92.98,30,34,4.99
514,Yarmouth,US,2021-08-09 00:01:58,41.7057,-70.2286,clear sky,76.96,86,1,4.61
515,Sindor,RU,2021-08-09 00:01:58,62.8629,51.8905,overcast clouds,48.11,88,98,3.78
516,Sept-Iles,CA,2021-08-09 00:01:59,50.2001,-66.3821,clear sky,59.25,74,2,1.99
517,Kilindoni,TZ,2021-08-09 00:01:59,-7.9139,39.6668,clear sky,75.69,74,7,12.75
518,Saint-Pierre,RE,2021-08-09 00:01:59,-21.3393,55.4781,clear sky,68.29,69,0,4.61
519,Glendive,US,2021-08-09 00:02:00,47.1053,-104.7125,clear sky,101.52,16,1,9.22
520,Sembe,CG,2021-08-09 00:02:00,1.6481,14.5806,scattered clouds,68.5,95,45,1.95
521,Iguape,BR,2021-08-09 00:02:00,-24.7081,-47.5553,clear sky,62.55,91,3,5.08
522,Festus,US,2021-08-09 00:02:00,38.2206,-90.396,overcast clouds,73.49,97,95,6.76
523,Komsomolskiy,UZ,2021-08-08 23:58:43,40.4272,71.7189,clear sky,76.42,43,0,9.22
524,Tabou,CI,2021-08-09 00:02:01,4.423,-7.3528,light rain,75.47,88,48,9.82
525,Saint-Georges,GD,2021-08-09 00:02:01,12.0564,-61.7485,overcast clouds,80.74,79,100,12.48
526,Barcelos,PT,2021-08-09 00:02:02,41.5388,-8.6151,overcast clouds,63.28,87,100,3.85
527,Auchi,NG,2021-08-09 00:02:02,7.0667,6.2667,overcast clouds,70.57,98,100,3.67
528,Leh,IN,2021-08-09 00:02:02,34.1667,77.5833,few clouds,59.09,57,21,5.17
529,Bowen,AU,2021-08-09 00:02:03,-20.0167,148.2333,few clouds,72.43,56,19,15.23
530,Tecolutla,MX,2021-08-09 00:02:03,20.4833,-97.0167,few clouds,85.5,72,20,15.61
531,Srivardhan,IN,2021-08-09 00:02:04,18.0333,73.0167,overcast clouds,79.14,85,85,3.98
532,Wajima,JP,2021-08-08 23:52:51,37.4,136.9,broken clouds,81.28,94,75,16.11
533,Almeirim,BR,2021-08-09 00:02:04,-1.5233,-52.5817,scattered clouds,78.78,68,36,3.33
534,Pacific Grove,US,2021-08-09 00:00:01,36.6177,-121.9166,scattered clouds,89.02,83,34,4.0
535,Colon,PA,2021-08-09 00:02:05,9.3592,-79.9014,overcast clouds,78.24,87,100,2.1
536,Outlook,CA,2021-08-09 00:02:05,51.5001,-107.0513,overcast clouds,74.34,28,90,13.13
537,Tondi,IN,2021-08-09 00:02:05,9.7333,79.0167,overcast clouds,82.45,71,87,5.03
538,Roswell,US,2021-08-09 00:00:14,34.0232,-84.3616,overcast clouds,84.79,74,94,1.01
539,Hattiesburg,US,2021-08-09 00:02:06,31.3271,-89.2903,clear sky,91.72,81,1,5.75
540,Santa Fe,AR,2021-08-09 00:02:06,-31.6333,-60.7,broken clouds,58.75,78,68,7.0
541,Tamandare,BR,2021-08-09 00:02:07,-8.7597,-35.1047,broken clouds,73.81,87,74,7.11
542,Ouargaye,BF,2021-08-09 00:02:07,11.5033,0.0572,light rain,75.38,85,62,6.33
543,Grootfontein,NA,2021-08-08 23:59:12,-19.5667,18.1167,clear sky,55.36,23,1,2.93
544,Morro Bay,US,2021-08-08 23:58:23,35.3658,-120.8499,few clouds,87.93,57,24,7.0
545,Kyaiklat,MM,2021-08-09 00:02:07,16.4333,95.7333,overcast clouds,79.07,94,99,4.99
546,Yekaterinoslavka,RU,2021-08-09 00:02:08,50.3734,129.1139,overcast clouds,54.77,82,100,8.97
547,Yuancheng,CN,2021-08-09 00:02:08,36.652,107.7896,clear sky,72.14,47,6,1.99
548,Mandera,KE,2021-08-09 00:01:23,3.9366,41.867,broken clouds,75.69,60,70,17.07
549,Gravdal,NO,2021-08-08 23:52:45,68.1214,13.5031,overcast clouds,57.76,81,93,10.31
550,Campbell River,CA,2021-08-09 00:02:09,50.0163,-125.2446,few clouds,72.59,61,15,4.99
551,Poum,NC,2021-08-09 00:02:09,-20.2333,164.0167,broken clouds,70.68,58,59,16.62
552,Port Blair,IN,2021-08-09 00:02:10,11.6667,92.75,overcast clouds,81.81,84,100,10.42
553,Malitbog,PH,2021-08-09 00:02:10,8.5339,124.8831,moderate rain,74.14,95,100,2.93
554,Lebork,PL,2021-08-09 00:02:10,54.5392,17.7501,overcast clouds,62.92,86,90,6.02
555,Geraldton,AU,2021-08-09 00:02:11,-28.7667,114.6,overcast clouds,61.21,94,90,10.36
556,Puerto Asis,CO,2021-08-09 00:02:11,0.5133,-76.5007,broken clouds,78.22,72,55,1.01
557,Srednekolymsk,RU,2021-08-09 00:02:11,67.45,153.6833,few clouds,68.43,39,14,4.72
558,West Wendover,US,2021-08-09 00:02:06,40.7391,-114.0733,clear sky,96.21,8,6,18.54
559,Port Macquarie,AU,2021-08-08 23:52:47,-31.4333,152.9167,overcast clouds,53.56,62,100,5.37
560,Whitehorse,CA,2021-08-08 23:57:43,60.7161,-135.0538,broken clouds,66.97,45,75,17.27
561,Muzhi,RU,2021-08-09 00:02:12,65.3667,64.6667,overcast clouds,52.14,87,100,10.67
562,Sorland,NO,2021-08-09 00:02:12,67.667,12.6934,broken clouds,56.89,86,70,9.62
563,Berdigestyakh,RU,2021-08-08 23:58:02,62.0989,126.6992,broken clouds,67.86,46,59,8.5
564,Asau,RO,2021-08-08 23:59:03,46.4333,26.4,light rain,59.92,67,2,3.02
565,Baoqing,CN,2021-08-09 00:02:13,46.3317,132.2111,overcast clouds,56.3,92,100,9.13
566,Santa Teresa,VE,2021-08-09 00:02:09,10.2341,-66.6631,broken clouds,81.52,81,74,2.46
567,Guadalajara,MX,2021-08-08 23:57:54,20.6667,-103.3333,overcast clouds,81.99,59,90,1.01
568,Bar Harbor,US,2021-08-08 23:59:11,44.3876,-68.2039,broken clouds,72.46,82,61,1.99
569,Port Hardy,CA,2021-08-09 00:00:57,50.6996,-127.4199,scattered clouds,61.84,77,42,14.65
570,Simbahan,PH,2021-08-09 00:02:13,6.3032,120.5836,overcast clouds,83.17,72,100,5.32
571,Griffith,US,2021-08-09 00:02:14,41.5284,-87.4237,scattered clouds,83.1,79,40,3.0
572,Normandin,CA,2021-08-09 00:02:14,48.8333,-72.5321,overcast clouds,60.93,68,96,3.53
573,Donskoye,RU,2021-08-09 00:02:14,45.4552,41.9741,light rain,73.53,75,100,9.31
574,Coihaique,CL,2021-08-08 23:59:44,-45.5752,-72.0662,few clouds,39.15,75,20,3.44
575,Qostanay,KZ,2021-08-09 00:02:15,53.1667,63.5833,broken clouds,57.02,97,70,6.89
576,Kapit,MY,2021-08-09 00:02:15,2.0167,112.9333,moderate rain,75.76,97,100,1.19
577,Sorong,ID,2021-08-09 00:02:15,-0.8833,131.25,overcast clouds,80.2,78,98,2.84
578,Walvis Bay,NA,2021-08-09 00:02:16,-22.9575,14.5053,broken clouds,52.09,86,55,14.38
579,Yokadouma,CM,2021-08-09 00:02:16,3.5167,15.05,light rain,67.91,99,62,2.48
580,Wilmington,US,2021-08-09 00:01:48,34.2257,-77.9447,clear sky,80.94,75,1,5.75
581,Bosanski Samac,BA,2021-08-09 00:02:16,45.0592,18.4669,scattered clouds,71.55,58,25,2.84
582,Aguas Vermelhas,BR,2021-08-09 00:02:17,-15.7472,-41.46,overcast clouds,61.05,93,100,3.49
583,Isilkul,RU,2021-08-09 00:02:17,54.9109,71.2728,broken clouds,60.26,97,82,8.19
584,Rio Casca,BR,2021-08-09 00:02:17,-20.2261,-42.6508,scattered clouds,65.32,62,43,3.6
585,Arman,RU,2021-08-09 00:02:18,59.7,150.1667,clear sky,66.47,45,5,6.22
586,Vaitape,PF,2021-08-09 00:02:18,-16.5167,-151.75,light rain,79.03,77,22,12.33
587,Neryungri,RU,2021-08-09 00:02:19,56.6709,124.6491,overcast clouds,54.48,78,100,8.1
588,Ulaanbaatar,MN,2021-08-09 00:01:37,47.9077,106.8832,smoke,50.13,87,2,2.24
589,Sao Jose Da Coroa Grande,BR,2021-08-08 23:59:52,-8.8978,-35.1478,broken clouds,73.89,86,68,8.32
590,Itororo,BR,2021-08-09 00:02:19,-15.1169,-40.0703,overcast clouds,65.41,93,100,2.62
591,Nalut,LY,2021-08-08 23:52:20,30.3333,10.85,clear sky,90.18,18,0,13.31
592,Kenora,CA,2021-08-09 00:02:19,49.8167,-94.4337,clear sky,81.82,45,4,7.54
593,Toamasina,MG,2021-08-09 00:02:20,-18.1667,49.3833,clear sky,64.89,91,4,5.44
594,Egvekinot,RU,2021-08-08 23:57:51,66.3167,-179.1667,broken clouds,48.97,52,77,14.07
595,Butembo,CD,2021-08-09 00:02:20,0.15,29.2833,light rain,56.03,95,23,2.01
596,Tocopilla,CL,2021-08-09 00:02:20,-22.092,-70.1979,broken clouds,62.06,65,75,13.27
597,Bullhead City,US,2021-08-09 00:02:21,35.1478,-114.5683,clear sky,114.01,10,1,10.36
598,Margate,GB,2021-08-08 23:55:17,51.3813,1.3862,broken clouds,59.31,85,53,4.0
599,Shahreza,IR,2021-08-09 00:02:21,32.0339,51.8794,scattered clouds,70.7,34,48,1.05
600,Bafq,IR,2021-08-09 00:02:21,31.6128,55.4107,clear sky,82.8,15,1,4.12
601,Lebanon,US,2021-08-09 00:02:22,36.2081,-86.2911,scattered clouds,86.76,60,40,6.91
602,Constantine,DZ,2021-08-09 00:02:22,36.365,6.6147,clear sky,80.26,47,3,2.77
603,Sterling,US,2021-08-09 00:00:47,39.0062,-77.4286,overcast clouds,85.01,63,90,1.01
604,Pampierstad,ZA,2021-08-09 00:02:23,-27.7832,24.6877,few clouds,55.36,26,11,9.64
605,Samarai,PG,2021-08-09 00:02:18,-10.6167,150.6667,overcast clouds,78.67,77,99,11.81
606,Kasulu,TZ,2021-08-09 00:02:23,-4.5767,30.1025,few clouds,65.8,55,11,3.94
607,Carutapera,BR,2021-08-09 00:02:23,-1.195,-46.02,clear sky,75.22,90,10,5.82
608,San Cristobal,VE,2021-08-09 00:02:24,7.7669,-72.225,overcast clouds,66.83,98,93,1.95
609,Ossora,RU,2021-08-09 00:02:24,59.2353,163.0719,broken clouds,60.44,55,80,19.06
610,Rocky Mountain House,CA,2021-08-09 00:02:25,52.3668,-114.9188,overcast clouds,62.83,52,87,4.94
611,Bali,ID,2021-08-09 00:02:25,-8.5,115.0,broken clouds,77.97,77,75,4.03
612,Cockburn Town,TC,2021-08-08 23:55:13,21.4612,-71.1419,scattered clouds,84.16,70,40,17.27
613,Manali,IN,2021-08-08 23:58:19,13.1667,80.2667,broken clouds,84.29,75,70,12.97
614,Mnogovershinnyy,RU,2021-08-09 00:02:25,53.9353,139.9242,few clouds,60.08,45,18,3.2
615,Monteagudo,BO,2021-08-09 00:02:26,-19.8167,-63.9833,few clouds,64.99,52,14,1.74
616,Anzoategui,CO,2021-08-09 00:02:26,4.63,-75.0954,overcast clouds,63.12,79,90,3.31
617,Linqiong,CN,2021-08-09 00:02:26,30.4159,103.4609,overcast clouds,75.63,87,100,2.33
618,Port Lincoln,AU,2021-08-08 23:57:54,-34.7333,135.8667,few clouds,57.58,54,20,17.69
619,Saqqez,IR,2021-08-09 00:02:27,36.2499,46.2735,clear sky,71.91,26,0,2.82
620,Villa Carlos Paz,AR,2021-08-09 00:02:27,-31.4241,-64.4978,clear sky,48.06,65,9,12.12
621,Camacha,PT,2021-08-09 00:02:27,33.0833,-16.3333,few clouds,67.42,68,20,6.91
622,Drayton Valley,CA,2021-08-09 00:02:28,53.2168,-114.9854,overcast clouds,59.92,56,97,4.23
623,Umm Lajj,SA,2021-08-09 00:02:28,25.0213,37.2685,clear sky,87.17,70,0,3.83
624,West Plains,US,2021-08-09 00:02:29,36.7281,-91.8524,broken clouds,85.03,74,75,0.0
625,Adrar,MR,2021-08-09 00:02:29,20.5022,-10.0711,clear sky,86.95,20,9,10.8
626,Hanstholm,DK,2021-08-09 00:02:29,57.1167,8.6167,broken clouds,58.62,90,71,16.67
627,Fomboni,KM,2021-08-09 00:02:30,-12.28,43.7425,broken clouds,77.05,65,52,11.43
628,Obernai,FR,2021-08-09 00:02:30,48.4631,7.481,clear sky,58.19,88,0,1.14
629,Sitka,US,2021-08-09 00:02:30,57.0531,-135.33,overcast clouds,60.66,78,100,8.46
630,Jibuti,DJ,2021-08-09 00:02:31,11.5,42.5,few clouds,87.01,42,20,5.3
631,Tefe,BR,2021-08-08 23:58:09,-3.3542,-64.7114,broken clouds,79.7,67,68,1.39
632,Puerto Lempira,HN,2021-08-09 00:02:31,15.2667,-83.7667,broken clouds,79.57,82,59,6.96
633,Vila Do Maio,CV,2021-08-09 00:02:32,15.1333,-23.2167,scattered clouds,79.97,86,30,1.25
634,Kindu,CD,2021-08-09 00:02:32,-2.95,25.95,light rain,70.79,79,57,2.59
635,Strezhevoy,RU,2021-08-09 00:02:32,60.7333,77.5889,overcast clouds,62.58,68,100,6.31
636,Brae,GB,2021-08-09 00:02:32,60.3964,-1.353,overcast clouds,57.11,91,100,7.43
637,Tazmalt,DZ,2021-08-09 00:02:33,36.3868,4.3989,scattered clouds,82.69,43,26,2.91
638,Esil,KZ,2021-08-09 00:02:33,51.9556,66.4042,broken clouds,57.22,90,56,11.61
639,Dinar,TR,2021-08-09 00:02:33,38.065,30.1656,clear sky,67.96,81,0,5.46
640,Qaqortoq,GL,2021-08-09 00:02:34,60.7167,-46.0333,clear sky,45.1,87,9,11.86
641,Olafsvik,IS,2021-08-08 23:52:47,64.8945,-23.7142,overcast clouds,56.01,82,100,9.75
642,Lamar,US,2021-08-08 23:57:37,33.6668,-95.5836,few clouds,92.52,63,20,10.42
643,Marzuq,YE,2021-08-09 00:02:34,14.4,46.4667,broken clouds,85.46,28,80,4.0
644,Anchorage,US,2021-08-08 23:59:38,61.2181,-149.9003,moderate rain,55.2,95,90,3.0
645,Novi Iskar,BG,2021-08-09 00:02:34,42.8,23.35,clear sky,73.17,54,0,4.61
646,Aanekoski,FI,2021-08-09 00:02:35,62.6946,25.818,overcast clouds,59.68,93,100,2.95
647,Santa Marta,CO,2021-08-09 00:00:11,11.2408,-74.199,overcast clouds,84.97,69,100,11.99
648,Mount Gambier,AU,2021-08-09 00:02:35,-37.8333,140.7667,overcast clouds,51.17,68,94,9.82
649,Najran,SA,2021-08-08 23:59:12,17.4924,44.1277,scattered clouds,83.05,36,49,6.17
650,Vostok,RU,2021-08-09 00:02:36,46.4856,135.8833,overcast clouds,55.51,81,100,5.28
651,Taltal,CL,2021-08-08 23:52:56,-25.4,-70.4833,scattered clouds,57.61,68,29,4.03
652,Mounana,GA,2021-08-09 00:02:36,-1.4085,13.1586,overcast clouds,74.5,73,100,2.71
653,Talmenka,RU,2021-08-09 00:02:36,53.8183,83.5677,broken clouds,65.64,78,78,5.01
654,Owase,JP,2021-08-09 00:01:22,34.0667,136.2,overcast clouds,80.13,92,95,21.09
655,Saint-Joseph,RE,2021-08-09 00:02:37,-21.3667,55.6167,few clouds,67.21,81,22,3.83
656,La Libertad,EC,2021-08-09 00:02:37,-2.2333,-80.9,broken clouds,69.17,84,72,9.69
657,Adelaide,AU,2021-08-08 23:58:28,-34.9333,138.6,clear sky,60.42,56,0,1.99
658,Muros,ES,2021-08-09 00:02:38,42.7762,-9.0603,overcast clouds,63.23,87,99,4.61
659,Liwale,TZ,2021-08-09 00:02:38,-9.7667,37.9333,few clouds,61.45,91,20,2.06
660,Acapulco,MX,2021-08-08 23:57:39,16.8634,-99.8901,broken clouds,83.17,79,56,7.63
661,Quelimane,MZ,2021-08-09 00:02:38,-17.8786,36.8883,clear sky,62.55,94,0,2.3
662,Pattaya,TH,2021-08-09 00:02:39,12.9333,100.8833,overcast clouds,80.64,78,94,7.56
663,Great Falls,US,2021-08-09 00:02:39,47.5002,-111.3008,overcast clouds,58.93,93,90,8.05
664,Lata,PT,2021-08-09 00:02:39,40.1629,-8.3327,clear sky,60.06,97,4,1.54
665,Pakxan,LA,2021-08-09 00:02:40,18.3778,103.6601,overcast clouds,78.21,93,99,1.39
666,Florida,US,2021-08-09 00:00:41,28.7505,-82.5001,clear sky,86.9,75,1,0.0
667,Port Augusta,AU,2021-08-09 00:02:40,-32.5,137.7667,clear sky,55.71,49,0,13.53
668,Umarga,IN,2021-08-09 00:02:41,17.8333,76.6167,overcast clouds,75.54,85,95,13.15
669,Nagato,JP,2021-08-09 00:02:41,34.3833,131.2,light rain,75.65,90,100,27.36
670,Alta Floresta,BR,2021-08-08 23:58:04,-9.8756,-56.0861,scattered clouds,82.4,32,37,2.51
671,Baiyin,CN,2021-08-09 00:02:42,36.5583,104.2081,few clouds,67.59,47,15,1.9
672,Nuuk,GL,2021-08-09 00:02:42,64.1835,-51.7216,broken clouds,45.21,76,75,2.3
673,Kathu,TH,2021-08-08 23:58:35,7.9178,98.3332,broken clouds,75.02,82,77,9.48
674,Murgab,TM,2021-08-09 00:02:42,37.4966,61.9714,clear sky,81.79,21,0,10.02
675,Betafo,MG,2021-08-09 00:02:43,-19.8333,46.85,clear sky,48.76,84,1,4.63
676,Dubti,ET,2021-08-09 00:02:43,11.7361,41.0853,scattered clouds,88.83,49,28,5.66
677,Pavlogradka,RU,2021-08-09 00:02:43,54.2024,73.5592,overcast clouds,59.72,97,95,7.0
678,Talcahuano,CL,2021-08-09 00:00:50,-36.7167,-73.1167,scattered clouds,46.81,70,34,3.36
679,Sawtell,AU,2021-08-09 00:02:44,-30.3833,153.1,overcast clouds,60.82,77,90,9.22
680,Nyimba,ZM,2021-08-09 00:02:44,-14.5566,30.8149,clear sky,60.57,40,0,1.07
681,Sabla,NG,2021-08-09 00:02:44,12.7525,4.7077,broken clouds,77.36,78,68,9.42
682,Baherden,TM,2021-08-09 00:02:45,38.4362,57.4316,clear sky,86.04,19,0,4.61
683,Alta,NO,2021-08-09 00:02:45,69.9689,23.2717,broken clouds,60.06,59,75,8.05
684,Bairiki,KI,2021-08-09 00:02:45,1.3292,172.9752,few clouds,83.8,61,14,10.2
685,Anapskaya,RU,2021-08-09 00:02:46,44.89,37.38,scattered clouds,68.23,88,40,6.71
686,Maningrida,AU,2021-08-09 00:02:46,-12.0667,134.2667,few clouds,76.01,61,18,11.01
687,Zhenlai,CN,2021-08-09 00:02:46,45.8495,123.2973,overcast clouds,75.02,77,94,7.27
688,Kirakira,SB,2021-08-09 00:02:47,-10.4544,161.9205,scattered clouds,82.49,74,46,5.39
